ISO-10303-21;
HEADER;
FILE_DESCRIPTION (( 'STEP AP203' ),
    '1' );
FILE_NAME ('Disc_brake3.STEP',
    '2026-07-31T15:34:08',
    ( '' ),
    ( '' ),
    'SwSTEP 2.0',
    'SolidWorks 2026',
    '' );
FILE_SCHEMA (( 'CONFIG_CONTROL_DESIGN' ));
ENDSEC;

DATA;
#1 = ORIENTED_EDGE ( 'NONE', *, *, #1124, .F. ) ;
#2 = CARTESIAN_POINT ( 'NONE',  ( 0.000000000000000000, 0.000000000000000000, 0.000000000000000000 ) ) ;
#3 = DIRECTION ( 'NONE',  ( 0.000000000000000000, 0.000000000000000000, 1.000000000000000000 ) ) ;
#4 = EDGE_LOOP ( 'NONE', ( #703, #983, #536, #254, #440, #1070, #2243 ) ) ;
#5 = FACE_OUTER_BOUND ( 'NONE', #903, .T. ) ;
#6 = EDGE_CURVE ( 'NONE', #2273, #854, #2193, .T. ) ;
#7 = CARTESIAN_POINT ( 'NONE',  ( 157.8160668840682490, 43.62243826462304241, 2.500000000000000000 ) ) ;
#8 = ORIENTED_EDGE ( 'NONE', *, *, #771, .F. ) ;
#9 = DIRECTION ( 'NONE',  ( -0.000000000000000000, -0.000000000000000000, 1.000000000000000000 ) ) ;
#10 = EDGE_CURVE ( 'NONE', #155, #2254, #1998, .T. ) ;
#11 = DIRECTION ( 'NONE',  ( -0.000000000000000000, -0.000000000000000000, -1.000000000000000000 ) ) ;
#12 = ORIENTED_EDGE ( 'NONE', *, *, #1761, .T. ) ;
#13 = CIRCLE ( 'NONE', #2262, 4.999999999999999112 ) ;
#14 = AXIS2_PLACEMENT_3D ( 'NONE', #1206, #843, #1157 ) ;
#15 = DIRECTION ( 'NONE',  ( 0.000000000000000000, 0.000000000000000000, 1.000000000000000000 ) ) ;
#16 = ORIENTED_EDGE ( 'NONE', *, *, #154, .T. ) ;
#17 = CIRCLE ( 'NONE', #1324, 79.99999999999998579 ) ;
#18 = VECTOR ( 'NONE', #1282, 1000.000000000000000 ) ;
#19 = CARTESIAN_POINT ( 'NONE',  ( 76.18572733516401740, -47.26437273121482718, 2.500000000000000000 ) ) ;
#20 = CYLINDRICAL_SURFACE ( 'NONE', #543, 4.999999999999984013 ) ;
#21 = AXIS2_PLACEMENT_3D ( 'NONE', #1833, #1308, #2025 ) ;
#22 = SECURITY_CLASSIFICATION ( '', '', #1956 ) ;
#23 = ORIENTED_EDGE ( 'NONE', *, *, #2023, .T. ) ;
#24 = ADVANCED_FACE ( 'NONE', ( #2204 ), #602, .T. ) ;
#25 = DIRECTION ( 'NONE',  ( 1.000000000000000000, 0.000000000000000000, 0.000000000000000000 ) ) ;
#26 = EDGE_CURVE ( 'NONE', #166, #1809, #630, .T. ) ;
#27 = DIRECTION ( 'NONE',  ( -0.000000000000000000, -0.000000000000000000, 1.000000000000000000 ) ) ;
#28 = ORIENTED_EDGE ( 'NONE', *, *, #1738, .T. ) ;
#29 = EDGE_CURVE ( 'NONE', #872, #1517, #965, .T. ) ;
#30 = DIRECTION ( 'NONE',  ( -0.000000000000000000, 0.000000000000000000, 1.000000000000000000 ) ) ;
#31 = DIRECTION ( 'NONE',  ( -0.000000000000000000, -0.000000000000000000, 1.000000000000000000 ) ) ;
#32 = CARTESIAN_POINT ( 'NONE',  ( 129.9449498856226626, 83.15465124695724342, 2.500000000000000000 ) ) ;
#33 = AXIS2_PLACEMENT_3D ( 'NONE', #1510, #1098, #1647 ) ;
#34 = CARTESIAN_POINT ( 'NONE',  ( -5.000000000000244249, -35.00000000000000711, 2.500000000000000000 ) ) ;
#35 = LINE ( 'NONE', #1648, #1824 ) ;
#36 = DIRECTION ( 'NONE',  ( 1.000000000000000000, 0.000000000000000000, 0.000000000000000000 ) ) ;
#37 = EDGE_CURVE ( 'NONE', #1862, #841, #403, .T. ) ;
#38 = ORIENTED_EDGE ( 'NONE', *, *, #1797, .F. ) ;
#39 = LINE ( 'NONE', #1661, #2126 ) ;
#40 = FACE_OUTER_BOUND ( 'NONE', #363, .T. ) ;
#41 = ORIENTED_EDGE ( 'NONE', *, *, #230, .F. ) ;
#42 = CARTESIAN_POINT ( 'NONE',  ( 100.0000000000000000, 1.224646799147353217E-14, 2.500000000000000000 ) ) ;
#43 = DIRECTION ( 'NONE',  ( -0.000000000000000000, 0.000000000000000000, 1.000000000000000000 ) ) ;
#44 = DIRECTION ( 'NONE',  ( 0.000000000000000000, 0.000000000000000000, 1.000000000000000000 ) ) ;
#45 = VERTEX_POINT ( 'NONE', #2215 ) ;
#46 = ADVANCED_FACE ( 'NONE', ( #382 ), #957, .F. ) ;
#47 = DIRECTION ( 'NONE',  ( 0.000000000000000000, 0.000000000000000000, 1.000000000000000000 ) ) ;
#48 = VECTOR ( 'NONE', #1088, 1000.000000000000000 ) ;
#49 = DIRECTION ( 'NONE',  ( -0.000000000000000000, 0.000000000000000000, 1.000000000000000000 ) ) ;
#50 = CIRCLE ( 'NONE', #1634, 4.999999999999985789 ) ;
#51 = AXIS2_PLACEMENT_3D ( 'NONE', #1020, #860, #2062 ) ;
#52 = ORIENTED_EDGE ( 'NONE', *, *, #1091, .F. ) ;
#53 = CIRCLE ( 'NONE', #812, 149.9999999999999716 ) ;
#54 = EDGE_CURVE ( 'NONE', #158, #1842, #1113, .T. ) ;
#55 = CIRCLE ( 'NONE', #659, 5.000000000000004441 ) ;
#56 = FACE_OUTER_BOUND ( 'NONE', #1013, .T. ) ;
#57 = AXIS2_PLACEMENT_3D ( 'NONE', #603, #788, #1479 ) ;
#58 = DIRECTION ( 'NONE',  ( 1.000000000000000000, 0.000000000000000000, 0.000000000000000000 ) ) ;
#59 = DIRECTION ( 'NONE',  ( 1.000000000000000000, 0.000000000000000000, 0.000000000000000000 ) ) ;
#60 = VERTEX_POINT ( 'NONE', #1317 ) ;
#61 = ORIENTED_EDGE ( 'NONE', *, *, #181, .T. ) ;
#62 = CYLINDRICAL_SURFACE ( 'NONE', #2090, 200.0000000000000000 ) ;
#63 = FACE_BOUND ( 'NONE', #80, .T. ) ;
#64 = ORIENTED_EDGE ( 'NONE', *, *, #818, .T. ) ;
#65 = CYLINDRICAL_SURFACE ( 'NONE', #1270, 4.999999999999984013 ) ;
#66 = ADVANCED_FACE ( 'NONE', ( #1307 ), #65, .F. ) ;
#67 = LINE ( 'NONE', #1301, #470 ) ;
#68 = CARTESIAN_POINT ( 'NONE',  ( 51.60654370749617215, -69.26062212390560546, -2.500000000000000000 ) ) ;
#69 = ORIENTED_EDGE ( 'NONE', *, *, #337, .T. ) ;
#70 = ORIENTED_EDGE ( 'NONE', *, *, #1501, .T. ) ;
#71 = DIRECTION ( 'NONE',  ( 1.000000000000000000, 0.000000000000000000, 0.000000000000000000 ) ) ;
#72 = ORIENTED_EDGE ( 'NONE', *, *, #610, .T. ) ;
#73 = DIRECTION ( 'NONE',  ( -1.000000000000000000, 0.000000000000000000, 0.000000000000000000 ) ) ;
#74 = VERTEX_POINT ( 'NONE', #427 ) ;
#75 = DIRECTION ( 'NONE',  ( -1.000000000000000000, 0.000000000000000000, 0.000000000000000000 ) ) ;
#76 = EDGE_CURVE ( 'NONE', #2137, #1015, #1385, .T. ) ;
#77 = CARTESIAN_POINT ( 'NONE',  ( -48.13372573981899905, 75.63947663533271282, -2.500000000000000000 ) ) ;
#78 = CARTESIAN_POINT ( 'NONE',  ( -89.14821127515048715, 9.527980148189429954, -2.500000000000000000 ) ) ;
#79 = ORIENTED_EDGE ( 'NONE', *, *, #942, .F. ) ;
#80 = EDGE_LOOP ( 'NONE', ( #1604, #1212 ) ) ;
#81 = EDGE_CURVE ( 'NONE', #766, #1156, #709, .T. ) ;
#82 = CARTESIAN_POINT ( 'NONE',  ( -11.59097748017694762, -49.91389264711434492, -2.500000000000000000 ) ) ;
#83 = ORIENTED_EDGE ( 'NONE', *, *, #2217, .T. ) ;
#84 = DIRECTION ( 'NONE',  ( 1.000000000000000000, 0.000000000000000000, 0.000000000000000000 ) ) ;
#85 = ORIENTED_EDGE ( 'NONE', *, *, #1613, .F. ) ;
#86 = CARTESIAN_POINT ( 'NONE',  ( -41.11005886913316232, 22.92469701535839022, -2.500000000000000000 ) ) ;
#87 = AXIS2_PLACEMENT_3D ( 'NONE', #655, #1879, #979 ) ;
#88 = AXIS2_PLACEMENT_3D ( 'NONE', #1947, #185, #1586 ) ;
#89 = CARTESIAN_POINT ( 'NONE',  ( -5.000000000000244249, -35.00000000000000711, -2.500000000000000000 ) ) ;
#90 = DIRECTION ( 'NONE',  ( -0.000000000000000000, -0.000000000000000000, -1.000000000000000000 ) ) ;
#91 = AXIS2_PLACEMENT_3D ( 'NONE', #2065, #1488, #2201 ) ;
#92 = VECTOR ( 'NONE', #178, 1000.000000000000000 ) ;
#93 = EDGE_CURVE ( 'NONE', #1640, #766, #216, .T. ) ;
#94 = CIRCLE ( 'NONE', #1896, 4.999999999999997335 ) ;
#95 = CARTESIAN_POINT ( 'NONE',  ( -60.10809093556058258, -55.07717777407319915, 2.500000000000000000 ) ) ;
#96 = ORIENTED_EDGE ( 'NONE', *, *, #1380, .T. ) ;
#97 = VERTEX_POINT ( 'NONE', #34 ) ;
#98 = LOCAL_TIME ( 21, 4, 8.000000000000000000, #700 ) ;
#99 = EDGE_CURVE ( 'NONE', #872, #2253, #752, .T. ) ;
#100 = LINE ( 'NONE', #1534, #234 ) ;
#101 = CARTESIAN_POINT ( 'NONE',  ( 27.70233488333854410, 80.00000000000000000, 2.500000000000000000 ) ) ;
#102 = CARTESIAN_POINT ( 'NONE',  ( 79.81864188487946876, 28.22062659903214765, -2.500000000000000000 ) ) ;
#103 = CARTESIAN_POINT ( 'NONE',  ( 27.70233488333854410, 80.00000000000000000, -2.500000000000000000 ) ) ;
#104 = CARTESIAN_POINT ( 'NONE',  ( 53.18124698980923881, 61.62286329610930125, -2.500000000000000000 ) ) ;
#105 = AXIS2_PLACEMENT_3D ( 'NONE', #1147, #1865, #248 ) ;
#106 = FACE_OUTER_BOUND ( 'NONE', #853, .T. ) ;
#107 = ORIENTED_EDGE ( 'NONE', *, *, #1299, .T. ) ;
#108 = VERTEX_POINT ( 'NONE', #1196 ) ;
#109 = EDGE_CURVE ( 'NONE', #97, #1395, #327, .T. ) ;
#110 = ORIENTED_EDGE ( 'NONE', *, *, #122, .T. ) ;
#111 = FACE_OUTER_BOUND ( 'NONE', #173, .T. ) ;
#112 = ORIENTED_EDGE ( 'NONE', *, *, #1613, .T. ) ;
#113 = DIRECTION ( 'NONE',  ( -1.000000000000000000, 0.000000000000000000, 0.000000000000000000 ) ) ;
#114 = ADVANCED_FACE ( 'NONE', ( #1752 ), #2224, .F. ) ;
#115 = CYLINDRICAL_SURFACE ( 'NONE', #1061, 149.9999999999999716 ) ;
#116 = CARTESIAN_POINT ( 'NONE',  ( -2.384438862786357305, 10.01171764385895280, 2.500000000000000000 ) ) ;
#117 = DIRECTION ( 'NONE',  ( 1.000000000000000000, 0.000000000000000000, 0.000000000000000000 ) ) ;
#118 = EDGE_LOOP ( 'NONE', ( #1153, #519, #781, #1084 ) ) ;
#119 = ORIENTED_EDGE ( 'NONE', *, *, #6, .T. ) ;
#120 = CARTESIAN_POINT ( 'NONE',  ( 31.79739643157899920, -40.18299414312765805, -2.500000000000000000 ) ) ;
#121 = ORIENTED_EDGE ( 'NONE', *, *, #656, .F. ) ;
#122 = EDGE_CURVE ( 'NONE', #1516, #287, #2105, .T. ) ;
#123 = CARTESIAN_POINT ( 'NONE',  ( 26.00000000000000355, 0.000000000000000000, -2.500000000000000000 ) ) ;
#124 = ORIENTED_EDGE ( 'NONE', *, *, #1627, .F. ) ;
#125 = DIRECTION ( 'NONE',  ( -1.000000000000000000, 0.000000000000000000, 0.000000000000000000 ) ) ;
#126 = LINE ( 'NONE', #824, #1776 ) ;
#127 = FACE_OUTER_BOUND ( 'NONE', #1094, .T. ) ;
#128 = ADVANCED_FACE ( 'NONE', ( #2258 ), #140, .T. ) ;
#129 = CIRCLE ( 'NONE', #424, 4.999999999999976907 ) ;
#130 = CARTESIAN_POINT ( 'NONE',  ( -41.25110893650811050, -22.05861192996704290, 2.500000000000000000 ) ) ;
#131 = AXIS2_PLACEMENT_3D ( 'NONE', #697, #902, #1272 ) ;
#132 = EDGE_LOOP ( 'NONE', ( #1836, #2103, #1399, #345 ) ) ;
#133 = EDGE_CURVE ( 'NONE', #287, #1842, #2024, .T. ) ;
#134 = CIRCLE ( 'NONE', #618, 4.999999999999976907 ) ;
#135 = AXIS2_PLACEMENT_3D ( 'NONE', #901, #1626, #730 ) ;
#136 = CARTESIAN_POINT ( 'NONE',  ( -9.230115417172363834, -4.552472762839951059, -2.500000000000000000 ) ) ;
#137 = ORIENTED_EDGE ( 'NONE', *, *, #1204, .T. ) ;
#138 = PERSON_AND_ORGANIZATION ( #1019, #2094 ) ;
#139 = ORIENTED_EDGE ( 'NONE', *, *, #1649, .F. ) ;
#140 = CYLINDRICAL_SURFACE ( 'NONE', #368, 200.0000000000000000 ) ;
#141 = EDGE_CURVE ( 'NONE', #404, #1678, #857, .T. ) ;
#142 = DIRECTION ( 'NONE',  ( -0.000000000000000000, -0.000000000000000000, 1.000000000000000000 ) ) ;
#143 = CARTESIAN_POINT ( 'NONE',  ( 35.00000000000000000, -1.222018468595097053E-13, 2.500000000000000000 ) ) ;
#144 = ORIENTED_EDGE ( 'NONE', *, *, #564, .F. ) ;
#145 = ORIENTED_EDGE ( 'NONE', *, *, #671, .F. ) ;
#146 = APPROVAL_ROLE ( '' ) ;
#147 = ORIENTED_EDGE ( 'NONE', *, *, #1866, .F. ) ;
#148 = CARTESIAN_POINT ( 'NONE',  ( -16.08125673824073587, 48.85673616389801310, 2.500000000000000000 ) ) ;
#149 = CARTESIAN_POINT ( 'NONE',  ( -45.27439531000447204, 71.53774169836563601, -2.500000000000000000 ) ) ;
#150 = EDGE_CURVE ( 'NONE', #949, #634, #1989, .T. ) ;
#151 = DIRECTION ( 'NONE',  ( -0.000000000000000000, -0.000000000000000000, 1.000000000000000000 ) ) ;
#152 = DIRECTION ( 'NONE',  ( 0.000000000000000000, 0.000000000000000000, 1.000000000000000000 ) ) ;
#153 = ORIENTED_EDGE ( 'NONE', *, *, #958, .F. ) ;
#154 = EDGE_CURVE ( 'NONE', #1316, #1182, #1740, .T. ) ;
#155 = VERTEX_POINT ( 'NONE', #617 ) ;
#156 = FACE_OUTER_BOUND ( 'NONE', #507, .T. ) ;
#157 = CARTESIAN_POINT ( 'NONE',  ( 48.24390870680770860, -65.56025918871334568, 2.500000000000000000 ) ) ;
#158 = VERTEX_POINT ( 'NONE', #993 ) ;
#159 = LINE ( 'NONE', #681, #1452 ) ;
#160 = VERTEX_POINT ( 'NONE', #2110 ) ;
#161 = CIRCLE ( 'NONE', #348, 4.999999999999990230 ) ;
#162 = VECTOR ( 'NONE', #609, 1000.000000000000000 ) ;
#163 = AXIS2_PLACEMENT_3D ( 'NONE', #704, #1251, #1079 ) ;
#164 = DIRECTION ( 'NONE',  ( -0.000000000000000000, -0.000000000000000000, 1.000000000000000000 ) ) ;
#165 = EDGE_CURVE ( 'NONE', #1994, #1980, #311, .T. ) ;
#166 = VERTEX_POINT ( 'NONE', #977 ) ;
#167 = CIRCLE ( 'NONE', #1257, 5.000000000000000000 ) ;
#168 = CIRCLE ( 'NONE', #2048, 79.99999999999998579 ) ;
#169 = PERSON_AND_ORGANIZATION_ROLE ( 'classification_officer' ) ;
#170 = CIRCLE ( 'NONE', #1939, 4.999999999999997335 ) ;
#171 = CIRCLE ( 'NONE', #395, 149.9999999999999716 ) ;
#172 = DIRECTION ( 'NONE',  ( -0.000000000000000000, -0.000000000000000000, 1.000000000000000000 ) ) ;
#173 = EDGE_LOOP ( 'NONE', ( #322, #147, #472, #1274 ) ) ;
#174 = DIRECTION ( 'NONE',  ( 0.000000000000000000, 0.000000000000000000, 1.000000000000000000 ) ) ;
#175 = LINE ( 'NONE', #373, #1219 ) ;
#176 = EDGE_LOOP ( 'NONE', ( #563, #1426, #2028, #69 ) ) ;
#177 = CARTESIAN_POINT ( 'NONE',  ( 27.70233488333854410, 80.00000000000000000, 2.500000000000000000 ) ) ;
#178 = DIRECTION ( 'NONE',  ( -0.000000000000000000, -0.000000000000000000, 1.000000000000000000 ) ) ;
#179 = ORIENTED_EDGE ( 'NONE', *, *, #245, .T. ) ;
#180 = PERSON_AND_ORGANIZATION ( #1019, #2094 ) ;
#181 = EDGE_CURVE ( 'NONE', #2292, #1485, #2084, .T. ) ;
#182 = ADVANCED_BREP_SHAPE_REPRESENTATION ( 'Disc_brake3', ( #384, #1296 ), #698 ) ;
#183 = CARTESIAN_POINT ( 'NONE',  ( -80.53785325677816331, 12.65433918717739914, 2.500000000000000000 ) ) ;
#184 = ORIENTED_EDGE ( 'NONE', *, *, #862, .F. ) ;
#185 = DIRECTION ( 'NONE',  ( -0.000000000000000000, -0.000000000000000000, -1.000000000000000000 ) ) ;
#186 = ORIENTED_EDGE ( 'NONE', *, *, #2114, .F. ) ;
#187 = DIRECTION ( 'NONE',  ( -1.000000000000000000, 0.000000000000000000, 0.000000000000000000 ) ) ;
#188 = CYLINDRICAL_SURFACE ( 'NONE', #2013, 4.999999999999976907 ) ;
#189 = ORIENTED_EDGE ( 'NONE', *, *, #435, .F. ) ;
#190 = ORIENTED_EDGE ( 'NONE', *, *, #1843, .T. ) ;
#191 = CARTESIAN_POINT ( 'NONE',  ( -89.14821127515048715, 9.527980148189429954, -2.500000000000000000 ) ) ;
#192 = ADVANCED_FACE ( 'NONE', ( #1005 ), #2069, .F. ) ;
#193 = DIRECTION ( 'NONE',  ( 1.000000000000000000, 0.000000000000000000, 0.000000000000000000 ) ) ;
#194 = ORIENTED_EDGE ( 'NONE', *, *, #2206, .F. ) ;
#195 = ADVANCED_FACE ( 'NONE', ( #1887 ), #2059, .F. ) ;
#196 = DIRECTION ( 'NONE',  ( -0.000000000000000000, -0.000000000000000000, 1.000000000000000000 ) ) ;
#197 = ADVANCED_FACE ( 'NONE', ( #487 ), #1355, .F. ) ;
#198 = DIRECTION ( 'NONE',  ( -0.000000000000000000, -0.000000000000000000, 1.000000000000000000 ) ) ;
#199 = EDGE_LOOP ( 'NONE', ( #2200, #144, #1064, #2246 ) ) ;
#200 = CIRCLE ( 'NONE', #2009, 4.999999999999999112 ) ;
#201 = DIRECTION ( 'NONE',  ( 1.000000000000000000, 0.000000000000000000, 0.000000000000000000 ) ) ;
#202 = AXIS2_PLACEMENT_3D ( 'NONE', #1611, #716, #1211 ) ;
#203 = CYLINDRICAL_SURFACE ( 'NONE', #388, 4.999999999999976907 ) ;
#204 = FACE_OUTER_BOUND ( 'NONE', #856, .T. ) ;
#205 = VECTOR ( 'NONE', #985, 1000.000000000000000 ) ;
#206 = AXIS2_PLACEMENT_3D ( 'NONE', #364, #9, #500 ) ;
#207 = APPROVAL_PERSON_ORGANIZATION ( #1427, #1023, #2314 ) ;
#208 = ORIENTED_EDGE ( 'NONE', *, *, #1286, .T. ) ;
#209 = EDGE_CURVE ( 'NONE', #775, #707, #274, .T. ) ;
#210 = CYLINDRICAL_SURFACE ( 'NONE', #237, 4.999999999999997335 ) ;
#211 = CARTESIAN_POINT ( 'NONE',  ( 4.999999999999754863, -35.00000000000000711, -2.500000000000000000 ) ) ;
#212 = ORIENTED_EDGE ( 'NONE', *, *, #1792, .T. ) ;
#213 = DIRECTION ( 'NONE',  ( -1.000000000000000000, 0.000000000000000000, 0.000000000000000000 ) ) ;
#214 = LINE ( 'NONE', #931, #732 ) ;
#215 = DIRECTION ( 'NONE',  ( -0.000000000000000000, -0.000000000000000000, 1.000000000000000000 ) ) ;
#216 = CIRCLE ( 'NONE', #33, 79.99999999999998579 ) ;
#217 = DIRECTION ( 'NONE',  ( -0.000000000000000000, -0.000000000000000000, 1.000000000000000000 ) ) ;
#218 = CYLINDRICAL_SURFACE ( 'NONE', #1443, 5.000000000000004441 ) ;
#219 = EDGE_CURVE ( 'NONE', #1517, #510, #1903, .T. ) ;
#220 = CARTESIAN_POINT ( 'NONE',  ( 40.00000000000000711, -1.222018468595097053E-13, 2.500000000000000000 ) ) ;
#221 = CARTESIAN_POINT ( 'NONE',  ( -46.08321201296318037, 22.40725348412674833, -2.500000000000000000 ) ) ;
#222 = ORIENTED_EDGE ( 'NONE', *, *, #1847, .F. ) ;
#223 = CARTESIAN_POINT ( 'NONE',  ( 0.000000000000000000, 35.00000000000000711, -2.500000000000000000 ) ) ;
#224 = DIRECTION ( 'NONE',  ( 0.000000000000000000, 0.000000000000000000, 1.000000000000000000 ) ) ;
#225 = ORIENTED_EDGE ( 'NONE', *, *, #938, .T. ) ;
#226 = CARTESIAN_POINT ( 'NONE',  ( -15.02072941644549964, 79.99999999999998579, -2.500000000000000000 ) ) ;
#227 = CARTESIAN_POINT ( 'NONE',  ( -77.64611125796514557, 144.1523828919357300, 2.500000000000000000 ) ) ;
#228 = VERTEX_POINT ( 'NONE', #652 ) ;
#229 = ORIENTED_EDGE ( 'NONE', *, *, #1161, .T. ) ;
#230 = EDGE_CURVE ( 'NONE', #1803, #1485, #2099, .T. ) ;
#231 = CARTESIAN_POINT ( 'NONE',  ( 51.60654370749617215, -69.26062212390560546, -2.500000000000000000 ) ) ;
#232 = VECTOR ( 'NONE', #2119, 1000.000000000000000 ) ;
#233 = DIRECTION ( 'NONE',  ( 1.000000000000000000, 0.000000000000000000, 0.000000000000000000 ) ) ;
#234 = VECTOR ( 'NONE', #636, 1000.000000000000000 ) ;
#235 = CARTESIAN_POINT ( 'NONE',  ( 26.00000000000000355, 0.000000000000000000, -2.500000000000000000 ) ) ;
#236 = AXIS2_PLACEMENT_3D ( 'NONE', #2039, #1142, #1861 ) ;
#237 = AXIS2_PLACEMENT_3D ( 'NONE', #1289, #561, #1638 ) ;
#238 = DIRECTION ( 'NONE',  ( 0.000000000000000000, 0.000000000000000000, 1.000000000000000000 ) ) ;
#239 = AXIS2_PLACEMENT_3D ( 'NONE', #1462, #1823, #935 ) ;
#240 = DIRECTION ( 'NONE',  ( -1.000000000000000000, 0.000000000000000000, 0.000000000000000000 ) ) ;
#241 = ORIENTED_EDGE ( 'NONE', *, *, #417, .F. ) ;
#242 = VERTEX_POINT ( 'NONE', #371 ) ;
#243 = DIRECTION ( 'NONE',  ( -0.000000000000000000, -0.000000000000000000, -1.000000000000000000 ) ) ;
#244 = VERTEX_POINT ( 'NONE', #2285 ) ;
#245 = EDGE_CURVE ( 'NONE', #2178, #2219, #511, .T. ) ;
#246 = CARTESIAN_POINT ( 'NONE',  ( -5.000000000000244249, -35.00000000000000711, -2.500000000000000000 ) ) ;
#247 = ORIENTED_EDGE ( 'NONE', *, *, #868, .F. ) ;
#248 = DIRECTION ( 'NONE',  ( 1.000000000000000000, 0.000000000000000000, 0.000000000000000000 ) ) ;
#249 = AXIS2_PLACEMENT_3D ( 'NONE', #967, #1689, #75 ) ;
#250 = CARTESIAN_POINT ( 'NONE',  ( -35.00000000000000711, 3.666055405785290907E-13, -2.500000000000000000 ) ) ;
#251 = ADVANCED_FACE ( 'NONE', ( #898 ), #1610, .F. ) ;
#252 = DIRECTION ( 'NONE',  ( 0.000000000000000000, 0.000000000000000000, 1.000000000000000000 ) ) ;
#253 = EDGE_LOOP ( 'NONE', ( #1937, #2167, #1618, #16 ) ) ;
#254 = ORIENTED_EDGE ( 'NONE', *, *, #1309, .F. ) ;
#255 = CARTESIAN_POINT ( 'NONE',  ( -74.94345286036086407, 34.15944897243994660, -2.500000000000000000 ) ) ;
#256 = ORIENTED_EDGE ( 'NONE', *, *, #474, .T. ) ;
#257 = CARTESIAN_POINT ( 'NONE',  ( 0.000000000000000000, 0.000000000000000000, -2.500000000000000000 ) ) ;
#258 = ORIENTED_EDGE ( 'NONE', *, *, #293, .F. ) ;
#259 = EDGE_CURVE ( 'NONE', #1640, #2256, #1406, .T. ) ;
#260 = DIRECTION ( 'NONE',  ( 1.000000000000000000, 0.000000000000000000, 0.000000000000000000 ) ) ;
#261 = LINE ( 'NONE', #724, #692 ) ;
#262 = DIRECTION ( 'NONE',  ( -0.000000000000000000, 0.000000000000000000, 1.000000000000000000 ) ) ;
#263 = EDGE_CURVE ( 'NONE', #269, #74, #314, .T. ) ;
#264 = FACE_OUTER_BOUND ( 'NONE', #2271, .T. ) ;
#265 = CARTESIAN_POINT ( 'NONE',  ( -11.21371651744529352, 49.99999999999998579, -2.500000000000000000 ) ) ;
#266 = ORIENTED_EDGE ( 'NONE', *, *, #1692, .T. ) ;
#267 = ORIENTED_EDGE ( 'NONE', *, *, #81, .F. ) ;
#268 = FACE_OUTER_BOUND ( 'NONE', #795, .T. ) ;
#269 = VERTEX_POINT ( 'NONE', #148 ) ;
#270 = CARTESIAN_POINT ( 'NONE',  ( -44.05337951570293598, -26.54971261832032781, 2.500000000000000000 ) ) ;
#271 = ORIENTED_EDGE ( 'NONE', *, *, #337, .F. ) ;
#272 = CARTESIAN_POINT ( 'NONE',  ( -2.444036937190194106E-13, -35.00000000000000711, 2.500000000000000000 ) ) ;
#273 = CIRCLE ( 'NONE', #950, 79.99999999999998579 ) ;
#274 = CIRCLE ( 'NONE', #1062, 4.999999999999997335 ) ;
#275 = DIRECTION ( 'NONE',  ( -0.000000000000000000, -0.000000000000000000, 1.000000000000000000 ) ) ;
#276 = CARTESIAN_POINT ( 'NONE',  ( 82.34294732665532024, 1.740145480564836422, -2.500000000000000000 ) ) ;
#277 = CIRCLE ( 'NONE', #1450, 4.999999999999997335 ) ;
#278 = VECTOR ( 'NONE', #2036, 1000.000000000000000 ) ;
#279 = EDGE_CURVE ( 'NONE', #780, #166, #1102, .T. ) ;
#280 = PRODUCT_DEFINITION_FORMATION_WITH_SPECIFIED_SOURCE ( 'ANY', '', #1714, .NOT_KNOWN. ) ;
#281 = CIRCLE ( 'NONE', #1410, 4.999999999999973355 ) ;
#282 = CARTESIAN_POINT ( 'NONE',  ( -79.00765002772304513, -34.90072159026215814, -2.500000000000000000 ) ) ;
#283 = ORIENTED_EDGE ( 'NONE', *, *, #656, .T. ) ;
#284 = ORIENTED_EDGE ( 'NONE', *, *, #701, .T. ) ;
#285 = EDGE_CURVE ( 'NONE', #1517, #640, #1136, .T. ) ;
#286 = DIRECTION ( 'NONE',  ( 1.000000000000000000, 0.000000000000000000, 0.000000000000000000 ) ) ;
#287 = VERTEX_POINT ( 'NONE', #1267 ) ;
#288 = CARTESIAN_POINT ( 'NONE',  ( -71.91179020507514963, 38.13550500128882703, 2.500000000000000000 ) ) ;
#289 = FACE_OUTER_BOUND ( 'NONE', #1497, .T. ) ;
#290 = DIRECTION ( 'NONE',  ( -0.000000000000000000, -0.000000000000000000, 1.000000000000000000 ) ) ;
#291 = FACE_OUTER_BOUND ( 'NONE', #1423, .T. ) ;
#292 = EDGE_LOOP ( 'NONE', ( #962, #687, #2155, #588, #1164, #2284, #1576 ) ) ;
#293 = EDGE_CURVE ( 'NONE', #1174, #1809, #1988, .T. ) ;
#294 = ORIENTED_EDGE ( 'NONE', *, *, #285, .F. ) ;
#295 = CARTESIAN_POINT ( 'NONE',  ( 0.000000000000000000, 0.000000000000000000, 2.500000000000000000 ) ) ;
#296 = ORIENTED_EDGE ( 'NONE', *, *, #2101, .F. ) ;
#297 = DIRECTION ( 'NONE',  ( 1.000000000000000000, 0.000000000000000000, -0.000000000000000000 ) ) ;
#298 = EDGE_CURVE ( 'NONE', #2151, #158, #1781, .T. ) ;
#299 = VERTEX_POINT ( 'NONE', #1796 ) ;
#300 = CARTESIAN_POINT ( 'NONE',  ( -80.99690338004052137, -131.3007527306087354, 2.500000000000000000 ) ) ;
#301 = EDGE_CURVE ( 'NONE', #646, #2294, #2317, .T. ) ;
#302 = CARTESIAN_POINT ( 'NONE',  ( 32.09993623383959260, 39.94172670174709339, -2.500000000000000000 ) ) ;
#303 = DIRECTION ( 'NONE',  ( 1.000000000000000000, 0.000000000000000000, 0.000000000000000000 ) ) ;
#304 = FACE_OUTER_BOUND ( 'NONE', #1352, .T. ) ;
#305 = EDGE_LOOP ( 'NONE', ( #1788, #145, #294, #2248 ) ) ;
#306 = CARTESIAN_POINT ( 'NONE',  ( -73.43341120492938501, -37.29508277965895502, 2.500000000000000000 ) ) ;
#307 = EDGE_LOOP ( 'NONE', ( #70, #876, #870, #623, #1751, #12, #2212, #1545 ) ) ;
#308 = CYLINDRICAL_SURFACE ( 'NONE', #1223, 79.99999999999998579 ) ;
#309 = EDGE_CURVE ( 'NONE', #60, #663, #1930, .T. ) ;
#310 = VERTEX_POINT ( 'NONE', #1430 ) ;
#311 = LINE ( 'NONE', #629, #1746 ) ;
#312 = CARTESIAN_POINT ( 'NONE',  ( -48.22423404093470367, 17.88884395468603472, -2.500000000000000000 ) ) ;
#313 = VECTOR ( 'NONE', #799, 1000.000000000000000 ) ;
#314 = CIRCLE ( 'NONE', #912, 4.999999999999997335 ) ;
#315 = AXIS2_PLACEMENT_3D ( 'NONE', #1409, #344, #193 ) ;
#316 = CARTESIAN_POINT ( 'NONE',  ( -15.02072941644549964, 79.99999999999998579, -2.500000000000000000 ) ) ;
#317 = AXIS2_PLACEMENT_3D ( 'NONE', #1812, #11, #1463 ) ;
#318 = ORIENTED_EDGE ( 'NONE', *, *, #219, .F. ) ;
#319 = AXIS2_PLACEMENT_3D ( 'NONE', #1735, #1919, #2255 ) ;
#320 = CIRCLE ( 'NONE', #1523, 4.999999999999999112 ) ;
#321 = LOCAL_TIME ( 21, 4, 8.000000000000000000, #677 ) ;
#322 = ORIENTED_EDGE ( 'NONE', *, *, #999, .T. ) ;
#323 = ORIENTED_EDGE ( 'NONE', *, *, #1753, .T. ) ;
#324 = LINE ( 'NONE', #1622, #462 ) ;
#325 = ADVANCED_FACE ( 'NONE', ( #1959 ), #343, .F. ) ;
#326 = FACE_OUTER_BOUND ( 'NONE', #2199, .T. ) ;
#327 = CIRCLE ( 'NONE', #1537, 4.999999999999999112 ) ;
#328 = FACE_BOUND ( 'NONE', #1946, .T. ) ;
#329 = DIRECTION ( 'NONE',  ( -1.000000000000000000, 0.000000000000000000, 0.000000000000000000 ) ) ;
#330 = EDGE_LOOP ( 'NONE', ( #1087, #1, #1386, #1744, #2174, #992, #622 ) ) ;
#331 = DATE_TIME_ROLE ( 'classification_date' ) ;
#332 = ORIENTED_EDGE ( 'NONE', *, *, #671, .T. ) ;
#333 = DIRECTION ( 'NONE',  ( 1.000000000000000000, 0.000000000000000000, 0.000000000000000000 ) ) ;
#334 = EDGE_CURVE ( 'NONE', #2056, #1659, #873, .T. ) ;
#335 = CYLINDRICAL_SURFACE ( 'NONE', #315, 4.999999999999976907 ) ;
#336 = EDGE_LOOP ( 'NONE', ( #711, #1875, #1344, #107 ) ) ;
#337 = EDGE_CURVE ( 'NONE', #1446, #731, #324, .T. ) ;
#338 = CARTESIAN_POINT ( 'NONE',  ( 5.584289841739586535, -81.33445650176757624, -2.500000000000000000 ) ) ;
#339 = DIRECTION ( 'NONE',  ( 1.000000000000000000, 0.000000000000000000, -0.000000000000000000 ) ) ;
#340 = VERTEX_POINT ( 'NONE', #1060 ) ;
#341 = DIRECTION ( 'NONE',  ( 0.000000000000000000, 0.000000000000000000, 1.000000000000000000 ) ) ;
#342 = EDGE_LOOP ( 'NONE', ( #1393, #38, #194, #597 ) ) ;
#343 = CYLINDRICAL_SURFACE ( 'NONE', #576, 26.00000000000000355 ) ;
#344 = DIRECTION ( 'NONE',  ( -0.000000000000000000, -0.000000000000000000, 1.000000000000000000 ) ) ;
#345 = ORIENTED_EDGE ( 'NONE', *, *, #334, .F. ) ;
#346 = CARTESIAN_POINT ( 'NONE',  ( -123.2602964936710066, -107.7762840109078013, 2.500000000000000000 ) ) ;
#347 = ORIENTED_EDGE ( 'NONE', *, *, #952, .F. ) ;
#348 = AXIS2_PLACEMENT_3D ( 'NONE', #455, #467, #480 ) ;
#349 = ADVANCED_FACE ( 'NONE', ( #5 ), #1041, .F. ) ;
#350 = VECTOR ( 'NONE', #2169, 1000.000000000000000 ) ;
#351 = FACE_BOUND ( 'NONE', #1908, .T. ) ;
#352 = LINE ( 'NONE', #722, #1783 ) ;
#353 = ORIENTED_EDGE ( 'NONE', *, *, #2168, .F. ) ;
#354 = AXIS2_PLACEMENT_3D ( 'NONE', #295, #1176, #1012 ) ;
#355 = AXIS2_PLACEMENT_3D ( 'NONE', #925, #593, #959 ) ;
#356 = APPROVAL_STATUS ( 'not_yet_approved' ) ;
#357 = AXIS2_PLACEMENT_3D ( 'NONE', #1508, #639, #1737 ) ;
#358 = VECTOR ( 'NONE', #1208, 1000.000000000000000 ) ;
#359 = CARTESIAN_POINT ( 'NONE',  ( -60.10809093556058258, -55.07717777407319915, -2.500000000000000000 ) ) ;
#360 = VERTEX_POINT ( 'NONE', #1782 ) ;
#361 = DIRECTION ( 'NONE',  ( -0.000000000000000000, -0.000000000000000000, 1.000000000000000000 ) ) ;
#362 = DIRECTION ( 'NONE',  ( 1.000000000000000000, 0.000000000000000000, 0.000000000000000000 ) ) ;
#363 = EDGE_LOOP ( 'NONE', ( #1429, #247, #1236, #1555 ) ) ;
#364 = CARTESIAN_POINT ( 'NONE',  ( 10.29129054259028742, 0.09683924160320753205, -2.500000000000000000 ) ) ;
#365 = LINE ( 'NONE', #710, #350 ) ;
#366 = EDGE_CURVE ( 'NONE', #2273, #616, #1664, .T. ) ;
#367 = ORIENTED_EDGE ( 'NONE', *, *, #209, .T. ) ;
#368 = AXIS2_PLACEMENT_3D ( 'NONE', #1028, #441, #1876 ) ;
#369 = DIRECTION ( 'NONE',  ( -0.000000000000000000, -0.000000000000000000, 1.000000000000000000 ) ) ;
#370 = ORIENTED_EDGE ( 'NONE', *, *, #2101, .T. ) ;
#371 = CARTESIAN_POINT ( 'NONE',  ( -63.03227542818886064, -63.75827972591556403, -2.500000000000000000 ) ) ;
#372 = ADVANCED_FACE ( 'NONE', ( #156 ), #1597, .T. ) ;
#373 = CARTESIAN_POINT ( 'NONE',  ( -48.22423404093470367, 17.88884395468603472, -2.500000000000000000 ) ) ;
#374 = ORIENTED_EDGE ( 'NONE', *, *, #1309, .T. ) ;
#375 = CARTESIAN_POINT ( 'NONE',  ( -74.65180623609366251, -32.44580308592774287, -2.500000000000000000 ) ) ;
#376 = FACE_BOUND ( 'NONE', #1049, .T. ) ;
#377 = ORIENTED_EDGE ( 'NONE', *, *, #821, .T. ) ;
#378 = DIRECTION ( 'NONE',  ( -0.000000000000000000, -0.000000000000000000, 1.000000000000000000 ) ) ;
#379 = CARTESIAN_POINT ( 'NONE',  ( -48.13372573981899905, 75.63947663533271282, 2.500000000000000000 ) ) ;
#380 = EDGE_CURVE ( 'NONE', #854, #725, #1557, .T. ) ;
#381 = DIRECTION ( 'NONE',  ( -0.000000000000000000, -0.000000000000000000, 1.000000000000000000 ) ) ;
#382 = FACE_OUTER_BOUND ( 'NONE', #1321, .T. ) ;
#383 = CYLINDRICAL_SURFACE ( 'NONE', #355, 200.0000000000000000 ) ;
#384 = MANIFOLD_SOLID_BREP ( 'Cut-Extrude4', #1832 ) ;
#385 = CARTESIAN_POINT ( 'NONE',  ( 84.45379864103205136, 30.09554575619407402, -2.500000000000000000 ) ) ;
#386 = ORIENTED_EDGE ( 'NONE', *, *, #1680, .F. ) ;
#387 = AXIS2_PLACEMENT_3D ( 'NONE', #1511, #1335, #1185 ) ;
#388 = AXIS2_PLACEMENT_3D ( 'NONE', #921, #1645, #594 ) ;
#389 = CYLINDRICAL_SURFACE ( 'NONE', #1255, 4.999999999999997335 ) ;
#390 = CIRCLE ( 'NONE', #1480, 4.999999999999997335 ) ;
#391 = AXIS2_PLACEMENT_3D ( 'NONE', #1650, #432, #36 ) ;
#392 = LINE ( 'NONE', #1277, #1817 ) ;
#393 = DIRECTION ( 'NONE',  ( 1.000000000000000000, 0.000000000000000000, 0.000000000000000000 ) ) ;
#394 = CIRCLE ( 'NONE', #695, 4.999999999999997335 ) ;
#395 = AXIS2_PLACEMENT_3D ( 'NONE', #2086, #1571, #2230 ) ;
#396 = EDGE_CURVE ( 'NONE', #547, #817, #422, .T. ) ;
#397 = CARTESIAN_POINT ( 'NONE',  ( 81.33665971299839725, -3.157546347082156757, -2.500000000000000000 ) ) ;
#398 = DIRECTION ( 'NONE',  ( 1.000000000000000000, 0.000000000000000000, 0.000000000000000000 ) ) ;
#399 = DIRECTION ( 'NONE',  ( 0.000000000000000000, 0.000000000000000000, 1.000000000000000000 ) ) ;
#400 = ORIENTED_EDGE ( 'NONE', *, *, #301, .T. ) ;
#401 = CARTESIAN_POINT ( 'NONE',  ( 86.49222666909396651, -7.985676661863260861, -2.500000000000000000 ) ) ;
#402 = FACE_OUTER_BOUND ( 'NONE', #1190, .T. ) ;
#403 = CIRCLE ( 'NONE', #2279, 200.0000000000000000 ) ;
#404 = VERTEX_POINT ( 'NONE', #1828 ) ;
#405 = DIRECTION ( 'NONE',  ( -0.000000000000000000, -0.000000000000000000, 1.000000000000000000 ) ) ;
#406 = EDGE_CURVE ( 'NONE', #810, #1332, #214, .T. ) ;
#407 = CYLINDRICAL_SURFACE ( 'NONE', #691, 4.999999999999997335 ) ;
#408 = LINE ( 'NONE', #2051, #1599 ) ;
#409 = ORIENTED_EDGE ( 'NONE', *, *, #133, .T. ) ;
#410 = EDGE_LOOP ( 'NONE', ( #1886, #1263 ) ) ;
#411 = FACE_OUTER_BOUND ( 'NONE', #649, .T. ) ;
#412 = FACE_BOUND ( 'NONE', #292, .T. ) ;
#413 = DIRECTION ( 'NONE',  ( 1.000000000000000000, 0.000000000000000000, 0.000000000000000000 ) ) ;
#414 = DIRECTION ( 'NONE',  ( -0.000000000000000000, -0.000000000000000000, 1.000000000000000000 ) ) ;
#415 = CARTESIAN_POINT ( 'NONE',  ( 31.49777569314243664, 34.97811887243307183, 2.500000000000000000 ) ) ;
#416 = ORIENTED_EDGE ( 'NONE', *, *, #1154, .F. ) ;
#417 = EDGE_CURVE ( 'NONE', #1707, #2137, #1027, .T. ) ;
#418 = VERTEX_POINT ( 'NONE', #19 ) ;
#419 = DIRECTION ( 'NONE',  ( -0.000000000000000000, -0.000000000000000000, 1.000000000000000000 ) ) ;
#420 = ORIENTED_EDGE ( 'NONE', *, *, #1168, .F. ) ;
#421 = CIRCLE ( 'NONE', #1101, 5.000000000000004441 ) ;
#422 = CIRCLE ( 'NONE', #2192, 4.999999999999973355 ) ;
#423 = DIRECTION ( 'NONE',  ( -1.000000000000000000, 0.000000000000000000, 0.000000000000000000 ) ) ;
#424 = AXIS2_PLACEMENT_3D ( 'NONE', #157, #1770, #1624 ) ;
#425 = AXIS2_PLACEMENT_3D ( 'NONE', #2102, #1008, #645 ) ;
#426 = ORIENTED_EDGE ( 'NONE', *, *, #1034, .T. ) ;
#427 = CARTESIAN_POINT ( 'NONE',  ( -7.708452606069227109, 46.43445306977952924, 2.500000000000000000 ) ) ;
#428 = AXIS2_PLACEMENT_3D ( 'NONE', #257, #1342, #297 ) ;
#429 = AXIS2_PLACEMENT_3D ( 'NONE', #1810, #893, #187 ) ;
#430 = APPROVAL_PERSON_ORGANIZATION ( #1619, #1400, #146 ) ;
#431 = CARTESIAN_POINT ( 'NONE',  ( -45.27439531000447204, 71.53774169836563601, 2.500000000000000000 ) ) ;
#432 = DIRECTION ( 'NONE',  ( -0.000000000000000000, -0.000000000000000000, 1.000000000000000000 ) ) ;
#433 = VERTEX_POINT ( 'NONE', #379 ) ;
#434 = ORIENTED_EDGE ( 'NONE', *, *, #1141, .T. ) ;
#435 = EDGE_CURVE ( 'NONE', #1191, #707, #1815, .T. ) ;
#436 = CARTESIAN_POINT ( 'NONE',  ( 5.000000000000000000, 35.00000000000000711, -2.500000000000000000 ) ) ;
#437 = ORIENTED_EDGE ( 'NONE', *, *, #435, .T. ) ;
#438 = CARTESIAN_POINT ( 'NONE',  ( 35.00000000000000000, -1.222018468595097053E-13, -2.500000000000000000 ) ) ;
#439 = EDGE_CURVE ( 'NONE', #1757, #917, #392, .T. ) ;
#440 = ORIENTED_EDGE ( 'NONE', *, *, #684, .F. ) ;
#441 = DIRECTION ( 'NONE',  ( -0.000000000000000000, -0.000000000000000000, 1.000000000000000000 ) ) ;
#442 = AXIS2_PLACEMENT_3D ( 'NONE', #1663, #1122, #943 ) ;
#443 = ADVANCED_FACE ( 'NONE', ( #1111 ), #203, .F. ) ;
#444 = LINE ( 'NONE', #479, #1556 ) ;
#445 = DIRECTION ( 'NONE',  ( -1.000000000000000000, 0.000000000000000000, 0.000000000000000000 ) ) ;
#446 = DIRECTION ( 'NONE',  ( 1.000000000000000000, 0.000000000000000000, 0.000000000000000000 ) ) ;
#447 = VERTEX_POINT ( 'NONE', #1657 ) ;
#448 = ORIENTED_EDGE ( 'NONE', *, *, #298, .F. ) ;
#449 = DIRECTION ( 'NONE',  ( 0.000000000000000000, 0.000000000000000000, 1.000000000000000000 ) ) ;
#450 = ORIENTED_EDGE ( 'NONE', *, *, #1416, .F. ) ;
#451 = CARTESIAN_POINT ( 'NONE',  ( 5.000000000000000000, 35.00000000000000711, 2.500000000000000000 ) ) ;
#452 = CARTESIAN_POINT ( 'NONE',  ( -84.15858240555688496, 9.206104793870601100, -2.500000000000000000 ) ) ;
#453 = EDGE_CURVE ( 'NONE', #1733, #1572, #1669, .T. ) ;
#454 = DIRECTION ( 'NONE',  ( 1.000000000000000000, 0.000000000000000000, 0.000000000000000000 ) ) ;
#455 = CARTESIAN_POINT ( 'NONE',  ( -59.66964042750034025, -60.05791679072336819, -2.500000000000000000 ) ) ;
#456 = CARTESIAN_POINT ( 'NONE',  ( 51.60654370749617215, -69.26062212390560546, 2.500000000000000000 ) ) ;
#457 = ORIENTED_EDGE ( 'NONE', *, *, #1962, .F. ) ;
#458 = ORIENTED_EDGE ( 'NONE', *, *, #534, .F. ) ;
#459 = VERTEX_POINT ( 'NONE', #1292 ) ;
#460 = ORIENTED_EDGE ( 'NONE', *, *, #2035, .F. ) ;
#461 = AXIS2_PLACEMENT_3D ( 'NONE', #2015, #414, #398 ) ;
#462 = VECTOR ( 'NONE', #2150, 1000.000000000000000 ) ;
#463 = DIRECTION ( 'NONE',  ( 0.000000000000000000, 0.000000000000000000, 1.000000000000000000 ) ) ;
#464 = AXIS2_PLACEMENT_3D ( 'NONE', #549, #1442, #520 ) ;
#465 = ADVANCED_FACE ( 'NONE', ( #1105 ), #407, .F. ) ;
#466 = CARTESIAN_POINT ( 'NONE',  ( -46.08321201296318037, 22.40725348412674833, 2.500000000000000000 ) ) ;
#467 = DIRECTION ( 'NONE',  ( 0.000000000000000000, 0.000000000000000000, 1.000000000000000000 ) ) ;
#468 = CIRCLE ( 'NONE', #1143, 149.9999999999999716 ) ;
#469 = CIRCLE ( 'NONE', #425, 4.999999999999999112 ) ;
#470 = VECTOR ( 'NONE', #1492, 1000.000000000000000 ) ;
#471 = CARTESIAN_POINT ( 'NONE',  ( 31.79739643157899920, -40.18299414312765805, 2.500000000000000000 ) ) ;
#472 = ORIENTED_EDGE ( 'NONE', *, *, #93, .F. ) ;
#473 = ORIENTED_EDGE ( 'NONE', *, *, #1141, .F. ) ;
#474 = EDGE_CURVE ( 'NONE', #1671, #1734, #2226, .T. ) ;
#475 = ORIENTED_EDGE ( 'NONE', *, *, #1818, .T. ) ;
#476 = CARTESIAN_POINT ( 'NONE',  ( 40.00000000000000711, -1.222018468595097053E-13, -2.500000000000000000 ) ) ;
#477 = EDGE_LOOP ( 'NONE', ( #409, #1684, #448, #96 ) ) ;
#478 = DIRECTION ( 'NONE',  ( 0.000000000000000000, 0.000000000000000000, 1.000000000000000000 ) ) ;
#479 = CARTESIAN_POINT ( 'NONE',  ( -40.32096940283197739, 70.85688063900606437, -2.500000000000000000 ) ) ;
#480 = DIRECTION ( 'NONE',  ( 1.000000000000000000, 0.000000000000000000, 0.000000000000000000 ) ) ;
#481 = CARTESIAN_POINT ( 'NONE',  ( 28.17123488620472926, 43.03450954590088884, -2.500000000000000000 ) ) ;
#482 = VERTEX_POINT ( 'NONE', #220 ) ;
#483 = EDGE_CURVE ( 'NONE', #673, #939, #200, .T. ) ;
#484 = CARTESIAN_POINT ( 'NONE',  ( 146.0322753152504163, -49.74897577871303156, -2.500000000000000000 ) ) ;
#485 = ORIENTED_EDGE ( 'NONE', *, *, #1693, .T. ) ;
#486 = ORIENTED_EDGE ( 'NONE', *, *, #2197, .F. ) ;
#487 = FACE_OUTER_BOUND ( 'NONE', #1369, .T. ) ;
#488 = DIRECTION ( 'NONE',  ( -0.000000000000000000, -0.000000000000000000, 1.000000000000000000 ) ) ;
#489 = DIRECTION ( 'NONE',  ( 1.000000000000000000, 0.000000000000000000, 0.000000000000000000 ) ) ;
#490 = CYLINDRICAL_SURFACE ( 'NONE', #51, 149.9999999999999716 ) ;
#491 = ORIENTED_EDGE ( 'NONE', *, *, #263, .T. ) ;
#492 = EDGE_CURVE ( 'NONE', #1616, #1951, #1104, .T. ) ;
#493 = EDGE_LOOP ( 'NONE', ( #1790, #1895, #556, #976, #2220, #1826, #1056 ) ) ;
#494 = EDGE_LOOP ( 'NONE', ( #225, #1795, #1363, #1175 ) ) ;
#495 = CARTESIAN_POINT ( 'NONE',  ( -74.94345286036086407, 34.15944897243994660, -2.500000000000000000 ) ) ;
#496 = EDGE_CURVE ( 'NONE', #933, #1734, #778, .T. ) ;
#497 = DIRECTION ( 'NONE',  ( 0.000000000000000000, 0.000000000000000000, 1.000000000000000000 ) ) ;
#498 = CIRCLE ( 'NONE', #842, 79.99999999999997158 ) ;
#499 = CIRCLE ( 'NONE', #2191, 5.000000000000004441 ) ;
#500 = DIRECTION ( 'NONE',  ( 1.000000000000000000, 0.000000000000000000, 0.000000000000000000 ) ) ;
#501 = AXIS2_PLACEMENT_3D ( 'NONE', #961, #1682, #2185 ) ;
#502 = VERTEX_POINT ( 'NONE', #1225 ) ;
#503 = AXIS2_PLACEMENT_3D ( 'NONE', #120, #1558, #2124 ) ;
#504 = CIRCLE ( 'NONE', #1601, 4.999999999999984013 ) ;
#505 = DIRECTION ( 'NONE',  ( 0.000000000000000000, 0.000000000000000000, 1.000000000000000000 ) ) ;
#506 = AXIS2_PLACEMENT_3D ( 'NONE', #1353, #1699, #807 ) ;
#507 = EDGE_LOOP ( 'NONE', ( #1593, #1118, #829, #596 ) ) ;
#508 = PRODUCT_RELATED_PRODUCT_CATEGORY ( 'detail', '', ( #1714 ) ) ;
#509 = PERSON_AND_ORGANIZATION ( #1019, #2094 ) ;
#510 = VERTEX_POINT ( 'NONE', #1982 ) ;
#511 = LINE ( 'NONE', #1218, #48 ) ;
#512 = EDGE_CURVE ( 'NONE', #160, #360, #1455, .T. ) ;
#513 = FACE_OUTER_BOUND ( 'NONE', #1595, .T. ) ;
#514 = ORIENTED_EDGE ( 'NONE', *, *, #380, .F. ) ;
#515 = CARTESIAN_POINT ( 'NONE',  ( -9.230115417172363834, -4.552472762839951059, -2.500000000000000000 ) ) ;
#516 = DIRECTION ( 'NONE',  ( 1.000000000000000000, 0.000000000000000000, 0.000000000000000000 ) ) ;
#517 = EDGE_LOOP ( 'NONE', ( #1238, #2113, #1883, #370 ) ) ;
#518 = CARTESIAN_POINT ( 'NONE',  ( 129.9449498856226626, 83.15465124695724342, -2.500000000000000000 ) ) ;
#519 = ORIENTED_EDGE ( 'NONE', *, *, #638, .F. ) ;
#520 = DIRECTION ( 'NONE',  ( 1.000000000000000000, 0.000000000000000000, 0.000000000000000000 ) ) ;
#521 = ADVANCED_FACE ( 'NONE', ( #1591 ), #541, .F. ) ;
#522 = DIRECTION ( 'NONE',  ( -1.000000000000000000, 0.000000000000000000, 0.000000000000000000 ) ) ;
#523 = EDGE_LOOP ( 'NONE', ( #2075, #121, #1025, #1150 ) ) ;
#524 = DIRECTION ( 'NONE',  ( -1.000000000000000000, 0.000000000000000000, 0.000000000000000000 ) ) ;
#525 = EDGE_CURVE ( 'NONE', #707, #1739, #1030, .T. ) ;
#526 = DIRECTION ( 'NONE',  ( -0.000000000000000000, -0.000000000000000000, 1.000000000000000000 ) ) ;
#527 = ORIENTED_EDGE ( 'NONE', *, *, #1552, .T. ) ;
#528 = COORDINATED_UNIVERSAL_TIME_OFFSET ( 5, 30, .AHEAD. ) ;
#529 = DIRECTION ( 'NONE',  ( -0.000000000000000000, -0.000000000000000000, 1.000000000000000000 ) ) ;
#530 = ORIENTED_EDGE ( 'NONE', *, *, #2177, .T. ) ;
#531 = DIRECTION ( 'NONE',  ( -0.000000000000000000, -0.000000000000000000, 1.000000000000000000 ) ) ;
#532 = LINE ( 'NONE', #1948, #1929 ) ;
#533 = ORIENTED_EDGE ( 'NONE', *, *, #181, .F. ) ;
#534 = EDGE_CURVE ( 'NONE', #502, #1671, #1413, .T. ) ;
#535 = LINE ( 'NONE', #338, #1855 ) ;
#536 = ORIENTED_EDGE ( 'NONE', *, *, #483, .F. ) ;
#537 = CIRCLE ( 'NONE', #239, 149.9999999999999716 ) ;
#538 = VECTOR ( 'NONE', #1577, 1000.000000000000000 ) ;
#539 = CIRCLE ( 'NONE', #1447, 4.999999999999997335 ) ;
#540 = CIRCLE ( 'NONE', #1256, 5.000000000000004441 ) ;
#541 = CYLINDRICAL_SURFACE ( 'NONE', #2087, 4.999999999999997335 ) ;
#542 = ORIENTED_EDGE ( 'NONE', *, *, #789, .T. ) ;
#543 = AXIS2_PLACEMENT_3D ( 'NONE', #1816, #2202, #1838 ) ;
#544 = CIRCLE ( 'NONE', #696, 200.0000000000000000 ) ;
#545 = ADVANCED_FACE ( 'NONE', ( #1942 ), #188, .F. ) ;
#546 = PERSON_AND_ORGANIZATION_ROLE ( 'design_owner' ) ;
#547 = VERTEX_POINT ( 'NONE', #1246 ) ;
#548 = ADVANCED_FACE ( 'NONE', ( #2176 ), #721, .F. ) ;
#549 = CARTESIAN_POINT ( 'NONE',  ( 52.15431891694791489, -145.1906093488465217, -2.500000000000000000 ) ) ;
#550 = DIRECTION ( 'NONE',  ( -0.000000000000000000, -0.000000000000000000, 1.000000000000000000 ) ) ;
#551 = CARTESIAN_POINT ( 'NONE',  ( -13.20207830402540772, -45.18056885347895957, -2.500000000000000000 ) ) ;
#552 = ORIENTED_EDGE ( 'NONE', *, *, #926, .F. ) ;
#553 = CARTESIAN_POINT ( 'NONE',  ( 53.24390870680768728, -65.56025918871334568, -2.500000000000000000 ) ) ;
#554 = FACE_BOUND ( 'NONE', #330, .T. ) ;
#555 = EDGE_CURVE ( 'NONE', #933, #502, #1635, .T. ) ;
#556 = ORIENTED_EDGE ( 'NONE', *, *, #899, .F. ) ;
#557 = FACE_OUTER_BOUND ( 'NONE', #1269, .T. ) ;
#558 = DIRECTION ( 'NONE',  ( -1.000000000000000000, 0.000000000000000000, 0.000000000000000000 ) ) ;
#559 = FACE_BOUND ( 'NONE', #1075, .T. ) ;
#560 = DIRECTION ( 'NONE',  ( -1.000000000000000000, 0.000000000000000000, 0.000000000000000000 ) ) ;
#561 = DIRECTION ( 'NONE',  ( -0.000000000000000000, -0.000000000000000000, 1.000000000000000000 ) ) ;
#562 = CARTESIAN_POINT ( 'NONE',  ( -26.00000000000000355, 3.184081677783118585E-15, -2.500000000000000000 ) ) ;
#563 = ORIENTED_EDGE ( 'NONE', *, *, #1124, .T. ) ;
#564 = EDGE_CURVE ( 'NONE', #60, #1862, #365, .T. ) ;
#565 = DIRECTION ( 'NONE',  ( 1.000000000000000000, 0.000000000000000000, 0.000000000000000000 ) ) ;
#566 = DIRECTION ( 'NONE',  ( -0.000000000000000000, -0.000000000000000000, 1.000000000000000000 ) ) ;
#567 = DIRECTION ( 'NONE',  ( -0.000000000000000000, -0.000000000000000000, 1.000000000000000000 ) ) ;
#568 = ORIENTED_EDGE ( 'NONE', *, *, #1416, .T. ) ;
#569 = ADVANCED_FACE ( 'NONE', ( #2154, #2312, #1993, #554, #2299, #894, #2146, #351, #328, #1083, #376, #1802, #1791 ), #1617, .T. ) ;
#570 = CYLINDRICAL_SURFACE ( 'NONE', #21, 4.999999999999997335 ) ;
#571 = CIRCLE ( 'NONE', #2188, 4.999999999999990230 ) ;
#572 = CARTESIAN_POINT ( 'NONE',  ( 0.000000000000000000, 35.00000000000000711, -2.500000000000000000 ) ) ;
#573 = CARTESIAN_POINT ( 'NONE',  ( -109.9852621398578947, 108.1833080322783189, 2.500000000000000000 ) ) ;
#574 = ORIENTED_EDGE ( 'NONE', *, *, #1934, .F. ) ;
#575 = AXIS2_PLACEMENT_3D ( 'NONE', #794, #243, #1845 ) ;
#576 = AXIS2_PLACEMENT_3D ( 'NONE', #1050, #1938, #333 ) ;
#577 = DIRECTION ( 'NONE',  ( 0.000000000000000000, 0.000000000000000000, 1.000000000000000000 ) ) ;
#578 = AXIS2_PLACEMENT_3D ( 'NONE', #2190, #567, #1662 ) ;
#579 = CIRCLE ( 'NONE', #1365, 4.999999999999969802 ) ;
#580 = DIRECTION ( 'NONE',  ( -0.000000000000000000, 0.000000000000000000, 1.000000000000000000 ) ) ;
#581 = AXIS2_PLACEMENT_3D ( 'NONE', #1390, #1705, #621 ) ;
#582 = DIRECTION ( 'NONE',  ( -0.000000000000000000, -0.000000000000000000, 1.000000000000000000 ) ) ;
#583 = EDGE_CURVE ( 'NONE', #1873, #872, #770, .T. ) ;
#584 = CARTESIAN_POINT ( 'NONE',  ( 30.00000000000000355, -1.215895234599360296E-13, -2.500000000000000000 ) ) ;
#585 = DIRECTION ( 'NONE',  ( 1.000000000000000000, 0.000000000000000000, 0.000000000000000000 ) ) ;
#586 = CARTESIAN_POINT ( 'NONE',  ( -20.01954594410299038, 79.89121892251873192, -2.500000000000000000 ) ) ;
#587 = ORIENTED_EDGE ( 'NONE', *, *, #624, .F. ) ;
#588 = ORIENTED_EDGE ( 'NONE', *, *, #81, .T. ) ;
#589 = CARTESIAN_POINT ( 'NONE',  ( 51.24168228167444283, -0.1934814656641497266, 2.500000000000000000 ) ) ;
#590 = DIRECTION ( 'NONE',  ( 0.000000000000000000, 0.000000000000000000, 1.000000000000000000 ) ) ;
#591 = CARTESIAN_POINT ( 'NONE',  ( 35.68685504577277356, -37.04100246769727534, -2.500000000000000000 ) ) ;
#592 = ADVANCED_FACE ( 'NONE', ( #1055 ), #1628, .T. ) ;
#593 = DIRECTION ( 'NONE',  ( -0.000000000000000000, -0.000000000000000000, 1.000000000000000000 ) ) ;
#594 = DIRECTION ( 'NONE',  ( 1.000000000000000000, 0.000000000000000000, 0.000000000000000000 ) ) ;
#595 = CARTESIAN_POINT ( 'NONE',  ( -26.00000000000000355, 3.184081677783118585E-15, 2.500000000000000000 ) ) ;
#596 = ORIENTED_EDGE ( 'NONE', *, *, #1800, .T. ) ;
#597 = ORIENTED_EDGE ( 'NONE', *, *, #1340, .T. ) ;
#598 = DIRECTION ( 'NONE',  ( -1.000000000000000000, 0.000000000000000000, 0.000000000000000000 ) ) ;
#599 = ORIENTED_EDGE ( 'NONE', *, *, #1506, .T. ) ;
#600 = DIRECTION ( 'NONE',  ( 1.000000000000000000, 0.000000000000000000, 0.000000000000000000 ) ) ;
#601 = EDGE_LOOP ( 'NONE', ( #837, #434, #1090, #1469 ) ) ;
#602 = CYLINDRICAL_SURFACE ( 'NONE', #1868, 200.0000000000000000 ) ;
#603 = CARTESIAN_POINT ( 'NONE',  ( -74.65180623609366251, -32.44580308592774287, -2.500000000000000000 ) ) ;
#604 = CC_DESIGN_PERSON_AND_ORGANIZATION_ASSIGNMENT ( #2116, #1024, ( #280 ) ) ;
#605 = DIRECTION ( 'NONE',  ( -1.000000000000000000, 0.000000000000000000, 0.000000000000000000 ) ) ;
#606 = ORIENTED_EDGE ( 'NONE', *, *, #150, .T. ) ;
#607 = ORIENTED_EDGE ( 'NONE', *, *, #1999, .F. ) ;
#608 = EDGE_CURVE ( 'NONE', #1932, #1965, #1774, .T. ) ;
#609 = DIRECTION ( 'NONE',  ( -0.000000000000000000, -0.000000000000000000, 1.000000000000000000 ) ) ;
#610 = EDGE_CURVE ( 'NONE', #1015, #634, #2323, .T. ) ;
#611 = ORIENTED_EDGE ( 'NONE', *, *, #583, .T. ) ;
#612 = CIRCLE ( 'NONE', #1745, 5.000000000000000000 ) ;
#613 = CARTESIAN_POINT ( 'NONE',  ( -6.590977480176950287, -49.91389264711434492, -2.500000000000000000 ) ) ;
#614 = AXIS2_PLACEMENT_3D ( 'NONE', #2159, #1814, #201 ) ;
#615 = VECTOR ( 'NONE', #1483, 1000.000000000000000 ) ;
#616 = VERTEX_POINT ( 'NONE', #562 ) ;
#617 = CARTESIAN_POINT ( 'NONE',  ( -44.05337951570293598, -26.54971261832032781, -2.500000000000000000 ) ) ;
#618 = AXIS2_PLACEMENT_3D ( 'NONE', #1910, #1931, #1723 ) ;
#619 = AXIS2_PLACEMENT_3D ( 'NONE', #515, #879, #2145 ) ;
#620 = DIRECTION ( 'NONE',  ( 1.000000000000000000, 0.000000000000000000, 0.000000000000000000 ) ) ;
#621 = DIRECTION ( 'NONE',  ( 1.000000000000000000, 0.000000000000000000, 0.000000000000000000 ) ) ;
#622 = ORIENTED_EDGE ( 'NONE', *, *, #150, .F. ) ;
#623 = ORIENTED_EDGE ( 'NONE', *, *, #1580, .T. ) ;
#624 = EDGE_CURVE ( 'NONE', #1965, #2254, #846, .T. ) ;
#625 = DIRECTION ( 'NONE',  ( 1.000000000000000000, 0.000000000000000000, 0.000000000000000000 ) ) ;
#626 = ORIENTED_EDGE ( 'NONE', *, *, #1299, .F. ) ;
#627 = CYLINDRICAL_SURFACE ( 'NONE', #1454, 5.000000000000004441 ) ;
#628 = ORIENTED_EDGE ( 'NONE', *, *, #907, .F. ) ;
#629 = CARTESIAN_POINT ( 'NONE',  ( -40.27439531000449335, 71.53774169836563601, -2.500000000000000000 ) ) ;
#630 = CIRCLE ( 'NONE', #442, 79.99999999999997158 ) ;
#631 = DIRECTION ( 'NONE',  ( -0.000000000000000000, -0.000000000000000000, 1.000000000000000000 ) ) ;
#632 = DIRECTION ( 'NONE',  ( 1.000000000000000000, 0.000000000000000000, 0.000000000000000000 ) ) ;
#633 = DIRECTION ( 'NONE',  ( -1.000000000000000000, 0.000000000000000000, 0.000000000000000000 ) ) ;
#634 = VERTEX_POINT ( 'NONE', #946 ) ;
#635 = VERTEX_POINT ( 'NONE', #2218 ) ;
#636 = DIRECTION ( 'NONE',  ( -0.000000000000000000, -0.000000000000000000, 1.000000000000000000 ) ) ;
#637 = PRODUCT_DEFINITION_SHAPE ( 'NONE', 'NONE',  #2232 ) ;
#638 = EDGE_CURVE ( 'NONE', #228, #2292, #2027, .T. ) ;
#639 = DIRECTION ( 'NONE',  ( -0.000000000000000000, -0.000000000000000000, 1.000000000000000000 ) ) ;
#640 = VERTEX_POINT ( 'NONE', #1658 ) ;
#641 = DIRECTION ( 'NONE',  ( 1.000000000000000000, 0.000000000000000000, 0.000000000000000000 ) ) ;
#642 = FACE_OUTER_BOUND ( 'NONE', #1844, .T. ) ;
#643 = DIRECTION ( 'NONE',  ( 0.000000000000000000, 0.000000000000000000, 1.000000000000000000 ) ) ;
#644 = EDGE_CURVE ( 'NONE', #1873, #1339, #1320, .T. ) ;
#645 = DIRECTION ( 'NONE',  ( 1.000000000000000000, 0.000000000000000000, 0.000000000000000000 ) ) ;
#646 = VERTEX_POINT ( 'NONE', #78 ) ;
#647 = EDGE_LOOP ( 'NONE', ( #2267, #229, #606, #2306 ) ) ;
#648 = LINE ( 'NONE', #476, #2308 ) ;
#649 = EDGE_LOOP ( 'NONE', ( #1047, #296, #347, #437 ) ) ;
#650 = CIRCLE ( 'NONE', #913, 4.999999999999984013 ) ;
#651 = AXIS2_PLACEMENT_3D ( 'NONE', #2132, #174, #1769 ) ;
#652 = CARTESIAN_POINT ( 'NONE',  ( -76.54694696122771802, 40.01042415845081024, -2.500000000000000000 ) ) ;
#653 = AXIS2_PLACEMENT_3D ( 'NONE', #1690, #1334, #1158 ) ;
#654 = APPLICATION_CONTEXT ( 'configuration controlled 3d designs of mechanical parts and assemblies' ) ;
#655 = CARTESIAN_POINT ( 'NONE',  ( 32.09993623383959260, 39.94172670174709339, -2.500000000000000000 ) ) ;
#656 = EDGE_CURVE ( 'NONE', #242, #166, #408, .T. ) ;
#657 = LINE ( 'NONE', #980, #358 ) ;
#658 = AXIS2_PLACEMENT_3D ( 'NONE', #471, #1377, #2264 ) ;
#659 = AXIS2_PLACEMENT_3D ( 'NONE', #1366, #2223, #286 ) ;
#660 = AXIS2_PLACEMENT_3D ( 'NONE', #466, #1730, #1889 ) ;
#661 = CYLINDRICAL_SURFACE ( 'NONE', #2265, 4.999999999999997335 ) ;
#662 = ORIENTED_EDGE ( 'NONE', *, *, #483, .T. ) ;
#663 = VERTEX_POINT ( 'NONE', #1493 ) ;
#664 = ORIENTED_EDGE ( 'NONE', *, *, #2081, .T. ) ;
#665 = CARTESIAN_POINT ( 'NONE',  ( -77.64611125796514557, 144.1523828919357300, -2.500000000000000000 ) ) ;
#666 = ORIENTED_EDGE ( 'NONE', *, *, #1934, .T. ) ;
#667 = CARTESIAN_POINT ( 'NONE',  ( -100.0000000000000000, 0.000000000000000000, 2.500000000000000000 ) ) ;
#668 = CARTESIAN_POINT ( 'NONE',  ( -41.11005886913316232, 22.92469701535839022, -2.500000000000000000 ) ) ;
#669 = CARTESIAN_POINT ( 'NONE',  ( 76.18572733516401740, -47.26437273121482718, -2.500000000000000000 ) ) ;
#670 = VECTOR ( 'NONE', #2238, 1000.000000000000000 ) ;
#671 = EDGE_CURVE ( 'NONE', #640, #459, #1869, .T. ) ;
#672 = DIRECTION ( 'NONE',  ( 1.000000000000000000, 0.000000000000000000, 0.000000000000000000 ) ) ;
#673 = VERTEX_POINT ( 'NONE', #1503 ) ;
#674 = CARTESIAN_POINT ( 'NONE',  ( -40.27439531000449335, 71.53774169836563601, 2.500000000000000000 ) ) ;
#675 = VERTEX_POINT ( 'NONE', #1106 ) ;
#676 = EDGE_CURVE ( 'NONE', #1461, #675, #951, .T. ) ;
#677 = COORDINATED_UNIVERSAL_TIME_OFFSET ( 5, 30, .AHEAD. ) ;
#678 = EDGE_LOOP ( 'NONE', ( #353, #1379, #1192, #626, #2186, #533, #792, #2231 ) ) ;
#679 = CARTESIAN_POINT ( 'NONE',  ( 29.12643702666467505, 84.79290445193451831, -2.500000000000000000 ) ) ;
#680 = CARTESIAN_POINT ( 'NONE',  ( -41.08321201296318037, 22.40725348412674833, 2.500000000000000000 ) ) ;
#681 = CARTESIAN_POINT ( 'NONE',  ( 78.05261047464476576, 23.54289926002828182, -2.500000000000000000 ) ) ;
#682 = ORIENTED_EDGE ( 'NONE', *, *, #417, .T. ) ;
#683 = DIRECTION ( 'NONE',  ( -1.000000000000000000, 0.000000000000000000, 0.000000000000000000 ) ) ;
#684 = EDGE_CURVE ( 'NONE', #360, #917, #1821, .T. ) ;
#685 = ORIENTED_EDGE ( 'NONE', *, *, #1201, .T. ) ;
#686 = CALENDAR_DATE ( 2026, 31, 7 ) ;
#687 = ORIENTED_EDGE ( 'NONE', *, *, #1962, .T. ) ;
#688 = CARTESIAN_POINT ( 'NONE',  ( -21.97398116099041587, -83.53091213652938052, -2.500000000000000000 ) ) ;
#689 = CARTESIAN_POINT ( 'NONE',  ( -2.384438862786357305, 10.01171764385895280, -2.500000000000000000 ) ) ;
#690 = AXIS2_PLACEMENT_3D ( 'NONE', #689, #1080, #727 ) ;
#691 = AXIS2_PLACEMENT_3D ( 'NONE', #1116, #790, #927 ) ;
#692 = VECTOR ( 'NONE', #1608, 1000.000000000000000 ) ;
#693 = CARTESIAN_POINT ( 'NONE',  ( 0.000000000000000000, 35.00000000000000711, 2.500000000000000000 ) ) ;
#694 = AXIS2_PLACEMENT_3D ( 'NONE', #572, #2017, #585 ) ;
#695 = AXIS2_PLACEMENT_3D ( 'NONE', #2213, #580, #600 ) ;
#696 = AXIS2_PLACEMENT_3D ( 'NONE', #2297, #2311, #708 ) ;
#697 = CARTESIAN_POINT ( 'NONE',  ( -77.64611125796514557, 144.1523828919357300, -2.500000000000000000 ) ) ;
#698 =( GEOMETRIC_REPRESENTATION_CONTEXT ( 3 ) GLOBAL_UNCERTAINTY_ASSIGNED_CONTEXT ( ( #1431 ) ) GLOBAL_UNIT_ASSIGNED_CONTEXT ( ( #1180, #1039, #1935 ) ) REPRESENTATION_CONTEXT ( 'NONE', 'WORKASPACE' ) );
#699 = ORIENTED_EDGE ( 'NONE', *, *, #1680, .T. ) ;
#700 = COORDINATED_UNIVERSAL_TIME_OFFSET ( 5, 30, .AHEAD. ) ;
#701 = EDGE_CURVE ( 'NONE', #1809, #360, #579, .T. ) ;
#702 = CARTESIAN_POINT ( 'NONE',  ( 6.340802733446546213, 8.106433220981923427, -2.500000000000000000 ) ) ;
#703 = ORIENTED_EDGE ( 'NONE', *, *, #279, .F. ) ;
#704 = CARTESIAN_POINT ( 'NONE',  ( -59.66964042750034025, -60.05791679072336819, -2.500000000000000000 ) ) ;
#705 = DESIGN_CONTEXT ( 'detailed design', #654, 'design' ) ;
#706 = DIRECTION ( 'NONE',  ( 0.000000000000000000, 0.000000000000000000, 1.000000000000000000 ) ) ;
#707 = VERTEX_POINT ( 'NONE', #1514 ) ;
#708 = DIRECTION ( 'NONE',  ( 1.000000000000000000, 0.000000000000000000, 0.000000000000000000 ) ) ;
#709 = CIRCLE ( 'NONE', #249, 4.999999999999976907 ) ;
#710 = CARTESIAN_POINT ( 'NONE',  ( 27.09222993956406000, -38.49142437441576448, -2.500000000000000000 ) ) ;
#711 = ORIENTED_EDGE ( 'NONE', *, *, #1279, .F. ) ;
#712 = DIRECTION ( 'NONE',  ( -1.000000000000000000, 0.000000000000000000, 0.000000000000000000 ) ) ;
#713 = ORIENTED_EDGE ( 'NONE', *, *, #534, .T. ) ;
#714 = DIRECTION ( 'NONE',  ( -0.000000000000000000, -0.000000000000000000, 1.000000000000000000 ) ) ;
#715 = EDGE_CURVE ( 'NONE', #155, #972, #734, .T. ) ;
#716 = DIRECTION ( 'NONE',  ( -0.000000000000000000, -0.000000000000000000, 1.000000000000000000 ) ) ;
#717 = ORIENTED_EDGE ( 'NONE', *, *, #1763, .F. ) ;
#718 = CARTESIAN_POINT ( 'NONE',  ( -123.2602964936710066, -107.7762840109078013, -2.500000000000000000 ) ) ;
#719 = EDGE_CURVE ( 'NONE', #939, #780, #809, .T. ) ;
#720 = EDGE_CURVE ( 'NONE', #340, #1395, #970, .T. ) ;
#721 = CYLINDRICAL_SURFACE ( 'NONE', #1291, 149.9999999999999716 ) ;
#722 = CARTESIAN_POINT ( 'NONE',  ( -48.13372573981899905, 75.63947663533271282, -2.500000000000000000 ) ) ;
#723 = ORIENTED_EDGE ( 'NONE', *, *, #1761, .F. ) ;
#724 = CARTESIAN_POINT ( 'NONE',  ( -41.25110893650811050, -22.05861192996704290, -2.500000000000000000 ) ) ;
#725 = VERTEX_POINT ( 'NONE', #595 ) ;
#726 = CARTESIAN_POINT ( 'NONE',  ( -21.17748955200179140, -78.59475967567382781, -2.500000000000000000 ) ) ;
#727 = DIRECTION ( 'NONE',  ( -1.000000000000000000, 0.000000000000000000, 0.000000000000000000 ) ) ;
#728 = ORIENTED_EDGE ( 'NONE', *, *, #1275, .F. ) ;
#729 = ADVANCED_FACE ( 'NONE', ( #1310 ), #928, .F. ) ;
#730 = DIRECTION ( 'NONE',  ( -1.000000000000000000, 0.000000000000000000, 0.000000000000000000 ) ) ;
#731 = VERTEX_POINT ( 'NONE', #415 ) ;
#732 = VECTOR ( 'NONE', #1996, 1000.000000000000000 ) ;
#733 = CIRCLE ( 'NONE', #1065, 4.999999999999976907 ) ;
#734 = CIRCLE ( 'NONE', #1066, 4.999999999999997335 ) ;
#735 = CARTESIAN_POINT ( 'NONE',  ( -30.00000000000001421, 3.666055405785290907E-13, -2.500000000000000000 ) ) ;
#736 = ORIENTED_EDGE ( 'NONE', *, *, #1660, .F. ) ;
#737 = CIRCLE ( 'NONE', #2012, 4.999999999999990230 ) ;
#738 = CIRCLE ( 'NONE', #1259, 4.999999999999984013 ) ;
#739 = CARTESIAN_POINT ( 'NONE',  ( -100.0000000000000000, 0.000000000000000000, -2.500000000000000000 ) ) ;
#740 = EDGE_LOOP ( 'NONE', ( #28, #1391 ) ) ;
#741 = DIRECTION ( 'NONE',  ( 1.000000000000000000, 0.000000000000000000, 0.000000000000000000 ) ) ;
#742 = CARTESIAN_POINT ( 'NONE',  ( -45.27439531000447204, 71.53774169836563601, 2.500000000000000000 ) ) ;
#743 = EDGE_LOOP ( 'NONE', ( #2058, #1917, #1961, #266, #1167, #212, #377 ) ) ;
#744 = CARTESIAN_POINT ( 'NONE',  ( 56.04057741962381556, 65.72459823307636384, -2.500000000000000000 ) ) ;
#745 = EDGE_CURVE ( 'NONE', #1433, #418, #1471, .T. ) ;
#746 = DIRECTION ( 'NONE',  ( -0.000000000000000000, 0.000000000000000000, 1.000000000000000000 ) ) ;
#747 = VERTEX_POINT ( 'NONE', #586 ) ;
#748 = AXIS2_PLACEMENT_3D ( 'NONE', #397, #1839, #1490 ) ;
#749 = CARTESIAN_POINT ( 'NONE',  ( 78.05261047464476576, 23.54289926002828182, -2.500000000000000000 ) ) ;
#750 = DIRECTION ( 'NONE',  ( 1.000000000000000000, 0.000000000000000000, 0.000000000000000000 ) ) ;
#751 = CARTESIAN_POINT ( 'NONE',  ( 29.12643702666467505, 84.79290445193451831, -2.500000000000000000 ) ) ;
#752 = LINE ( 'NONE', #1923, #1575 ) ;
#753 = CARTESIAN_POINT ( 'NONE',  ( 71.82988354353463478, -44.80945422688039059, 2.500000000000000000 ) ) ;
#754 = DIRECTION ( 'NONE',  ( -1.000000000000000000, 0.000000000000000000, 0.000000000000000000 ) ) ;
#755 = DIRECTION ( 'NONE',  ( 0.000000000000000000, 0.000000000000000000, 1.000000000000000000 ) ) ;
#756 = EDGE_CURVE ( 'NONE', #634, #1052, #168, .T. ) ;
#757 = ORIENTED_EDGE ( 'NONE', *, *, #1693, .F. ) ;
#758 = EDGE_CURVE ( 'NONE', #1813, #1678, #1220, .T. ) ;
#759 = CARTESIAN_POINT ( 'NONE',  ( -21.17748955200179140, -78.59475967567382781, -2.500000000000000000 ) ) ;
#760 = LINE ( 'NONE', #1278, #2014 ) ;
#761 = ORIENTED_EDGE ( 'NONE', *, *, #2005, .F. ) ;
#762 = DIRECTION ( 'NONE',  ( 1.000000000000000000, 0.000000000000000000, 0.000000000000000000 ) ) ;
#763 = AXIS2_PLACEMENT_3D ( 'NONE', #7, #1977, #362 ) ;
#764 = DIRECTION ( 'NONE',  ( 0.000000000000000000, 0.000000000000000000, 1.000000000000000000 ) ) ;
#765 = DIRECTION ( 'NONE',  ( -1.000000000000000000, 0.000000000000000000, 0.000000000000000000 ) ) ;
#766 = VERTEX_POINT ( 'NONE', #68 ) ;
#767 = CIRCLE ( 'NONE', #2161, 149.9999999999999716 ) ;
#768 = DIRECTION ( 'NONE',  ( 1.000000000000000000, 0.000000000000000000, 0.000000000000000000 ) ) ;
#769 = CIRCLE ( 'NONE', #1221, 4.999999999999997335 ) ;
#770 = CIRCLE ( 'NONE', #1749, 79.99999999999998579 ) ;
#771 = EDGE_CURVE ( 'NONE', #646, #836, #2127, .T. ) ;
#772 = DIRECTION ( 'NONE',  ( 1.000000000000000000, 0.000000000000000000, 0.000000000000000000 ) ) ;
#773 = CIRCLE ( 'NONE', #882, 4.999999999999976907 ) ;
#774 = CIRCLE ( 'NONE', #2269, 4.999999999999990230 ) ;
#775 = VERTEX_POINT ( 'NONE', #130 ) ;
#776 = DIRECTION ( 'NONE',  ( 0.000000000000000000, 0.000000000000000000, 1.000000000000000000 ) ) ;
#777 = DIRECTION ( 'NONE',  ( -0.000000000000000000, -0.000000000000000000, -1.000000000000000000 ) ) ;
#778 = LINE ( 'NONE', #735, #914 ) ;
#779 = DIRECTION ( 'NONE',  ( 1.000000000000000000, 0.000000000000000000, 0.000000000000000000 ) ) ;
#780 = VERTEX_POINT ( 'NONE', #95 ) ;
#781 = ORIENTED_EDGE ( 'NONE', *, *, #1580, .F. ) ;
#782 = DIRECTION ( 'NONE',  ( -1.000000000000000000, 0.000000000000000000, 0.000000000000000000 ) ) ;
#783 = VECTOR ( 'NONE', #1830, 1000.000000000000000 ) ;
#784 = FACE_BOUND ( 'NONE', #2316, .T. ) ;
#785 = ORIENTED_EDGE ( 'NONE', *, *, #141, .F. ) ;
#786 = CC_DESIGN_DATE_AND_TIME_ASSIGNMENT ( #1777, #1394, ( #2232 ) ) ;
#787 = DIRECTION ( 'NONE',  ( 1.000000000000000000, 0.000000000000000000, 0.000000000000000000 ) ) ;
#788 = DIRECTION ( 'NONE',  ( 0.000000000000000000, 0.000000000000000000, 1.000000000000000000 ) ) ;
#789 = EDGE_CURVE ( 'NONE', #635, #482, #540, .T. ) ;
#790 = DIRECTION ( 'NONE',  ( -0.000000000000000000, -0.000000000000000000, 1.000000000000000000 ) ) ;
#791 = DIRECTION ( 'NONE',  ( -0.000000000000000000, -0.000000000000000000, 1.000000000000000000 ) ) ;
#792 = ORIENTED_EDGE ( 'NONE', *, *, #1464, .F. ) ;
#793 = VERTEX_POINT ( 'NONE', #1916 ) ;
#794 = CARTESIAN_POINT ( 'NONE',  ( 132.5021038489738601, -96.18742413903852650, -2.500000000000000000 ) ) ;
#795 = EDGE_LOOP ( 'NONE', ( #1499, #1382, #1902, #2063 ) ) ;
#796 = CARTESIAN_POINT ( 'NONE',  ( -76.54694696122771802, 40.01042415845081024, 2.500000000000000000 ) ) ;
#797 = EDGE_LOOP ( 'NONE', ( #61, #41, #1280, #1544 ) ) ;
#798 = ORIENTED_EDGE ( 'NONE', *, *, #1392, .T. ) ;
#799 = DIRECTION ( 'NONE',  ( -0.000000000000000000, -0.000000000000000000, 1.000000000000000000 ) ) ;
#800 = ADVANCED_FACE ( 'NONE', ( #291 ), #490, .F. ) ;
#801 = DIRECTION ( 'NONE',  ( 0.000000000000000000, 0.000000000000000000, 1.000000000000000000 ) ) ;
#802 = ORIENTED_EDGE ( 'NONE', *, *, #406, .T. ) ;
#803 = VERTEX_POINT ( 'NONE', #456 ) ;
#804 = DIRECTION ( 'NONE',  ( 0.000000000000000000, 0.000000000000000000, 1.000000000000000000 ) ) ;
#805 = AXIS2_PLACEMENT_3D ( 'NONE', #104, #142, #632 ) ;
#806 = VECTOR ( 'NONE', #1834, 1000.000000000000000 ) ;
#807 = DIRECTION ( 'NONE',  ( 1.000000000000000000, 0.000000000000000000, 0.000000000000000000 ) ) ;
#808 = AXIS2_PLACEMENT_3D ( 'NONE', #2003, #1428, #565 ) ;
#809 = CIRCLE ( 'NONE', #880, 200.0000000000000000 ) ;
#810 = VERTEX_POINT ( 'NONE', #1000 ) ;
#811 = DIRECTION ( 'NONE',  ( 1.000000000000000000, 0.000000000000000000, 0.000000000000000000 ) ) ;
#812 = AXIS2_PLACEMENT_3D ( 'NONE', #1536, #2245, #2136 ) ;
#813 = AXIS2_PLACEMENT_3D ( 'NONE', #101, #2236, #830 ) ;
#814 = CARTESIAN_POINT ( 'NONE',  ( 56.04057741962381556, 65.72459823307636384, -2.500000000000000000 ) ) ;
#815 = CARTESIAN_POINT ( 'NONE',  ( 0.000000000000000000, 0.000000000000000000, -2.500000000000000000 ) ) ;
#816 = CARTESIAN_POINT ( 'NONE',  ( 27.70233488333854410, 80.00000000000000000, -2.500000000000000000 ) ) ;
#817 = VERTEX_POINT ( 'NONE', #1531 ) ;
#818 = EDGE_CURVE ( 'NONE', #986, #547, #1927, .T. ) ;
#819 = ORIENTED_EDGE ( 'NONE', *, *, #1331, .T. ) ;
#820 = CARTESIAN_POINT ( 'NONE',  ( 86.32628858259199944, -2.835670992763411391, 2.500000000000000000 ) ) ;
#821 = EDGE_CURVE ( 'NONE', #1283, #895, #2228, .T. ) ;
#822 = DIRECTION ( 'NONE',  ( -0.000000000000000000, -0.000000000000000000, 1.000000000000000000 ) ) ;
#823 = VECTOR ( 'NONE', #582, 1000.000000000000000 ) ;
#824 = CARTESIAN_POINT ( 'NONE',  ( -41.08321201296318037, 22.40725348412674833, -2.500000000000000000 ) ) ;
#825 = CARTESIAN_POINT ( 'NONE',  ( 157.8160668840682490, 43.62243826462304241, -2.500000000000000000 ) ) ;
#826 = DIRECTION ( 'NONE',  ( -0.000000000000000000, -0.000000000000000000, 1.000000000000000000 ) ) ;
#827 = ORIENTED_EDGE ( 'NONE', *, *, #1866, .T. ) ;
#828 = ORIENTED_EDGE ( 'NONE', *, *, #2206, .T. ) ;
#829 = ORIENTED_EDGE ( 'NONE', *, *, #1860, .F. ) ;
#830 = DIRECTION ( 'NONE',  ( 1.000000000000000000, 0.000000000000000000, 0.000000000000000000 ) ) ;
#831 = ADVANCED_FACE ( 'NONE', ( #304 ), #661, .F. ) ;
#832 = ORIENTED_EDGE ( 'NONE', *, *, #396, .T. ) ;
#833 = DIRECTION ( 'NONE',  ( -0.000000000000000000, -0.000000000000000000, 1.000000000000000000 ) ) ;
#834 = CYLINDRICAL_SURFACE ( 'NONE', #1319, 4.999999999999997335 ) ;
#835 = CYLINDRICAL_SURFACE ( 'NONE', #1784, 4.999999999999973355 ) ;
#836 = VERTEX_POINT ( 'NONE', #282 ) ;
#837 = ORIENTED_EDGE ( 'NONE', *, *, #1432, .F. ) ;
#838 = DIRECTION ( 'NONE',  ( 0.000000000000000000, 0.000000000000000000, 1.000000000000000000 ) ) ;
#839 = EDGE_LOOP ( 'NONE', ( #1441, #267, #827, #527 ) ) ;
#840 = CARTESIAN_POINT ( 'NONE',  ( 28.17123488620472926, 43.03450954590088884, 2.500000000000000000 ) ) ;
#841 = VERTEX_POINT ( 'NONE', #1719 ) ;
#842 = AXIS2_PLACEMENT_3D ( 'NONE', #116, #1198, #1731 ) ;
#843 = DIRECTION ( 'NONE',  ( -0.000000000000000000, -0.000000000000000000, 1.000000000000000000 ) ) ;
#844 = EDGE_CURVE ( 'NONE', #340, #1303, #1520, .T. ) ;
#845 = AXIS2_PLACEMENT_3D ( 'NONE', #518, #1239, #1957 ) ;
#846 = CIRCLE ( 'NONE', #2091, 149.9999999999999716 ) ;
#847 = FACE_OUTER_BOUND ( 'NONE', #132, .T. ) ;
#848 = CYLINDRICAL_SURFACE ( 'NONE', #945, 149.9999999999999716 ) ;
#849 = CIRCLE ( 'NONE', #2268, 149.9999999999999716 ) ;
#850 = AXIS2_PLACEMENT_3D ( 'NONE', #1881, #1553, #672 ) ;
#851 = CARTESIAN_POINT ( 'NONE',  ( -16.08125673824073587, 48.85673616389801310, -2.500000000000000000 ) ) ;
#852 = ADVANCED_FACE ( 'NONE', ( #106 ), #835, .F. ) ;
#853 = EDGE_LOOP ( 'NONE', ( #832, #881, #1361, #64 ) ) ;
#854 = VERTEX_POINT ( 'NONE', #1732 ) ;
#855 = DATE_AND_TIME ( #2293, #1859 ) ;
#856 = EDGE_LOOP ( 'NONE', ( #1021, #1922 ) ) ;
#857 = LINE ( 'NONE', #667, #670 ) ;
#858 = DIRECTION ( 'NONE',  ( 1.000000000000000000, 0.000000000000000000, 0.000000000000000000 ) ) ;
#859 = EDGE_CURVE ( 'NONE', #1395, #97, #469, .T. ) ;
#860 = DIRECTION ( 'NONE',  ( -0.000000000000000000, -0.000000000000000000, 1.000000000000000000 ) ) ;
#861 = ORIENTED_EDGE ( 'NONE', *, *, #2129, .T. ) ;
#862 = EDGE_CURVE ( 'NONE', #1151, #404, #2016, .T. ) ;
#863 = ORIENTED_EDGE ( 'NONE', *, *, #2203, .F. ) ;
#864 = ORIENTED_EDGE ( 'NONE', *, *, #2054, .F. ) ;
#865 = DIRECTION ( 'NONE',  ( 0.000000000000000000, 0.000000000000000000, 1.000000000000000000 ) ) ;
#866 = FACE_OUTER_BOUND ( 'NONE', #2078, .T. ) ;
#867 = DIRECTION ( 'NONE',  ( 1.000000000000000000, 0.000000000000000000, 0.000000000000000000 ) ) ;
#868 = EDGE_CURVE ( 'NONE', #108, #793, #738, .T. ) ;
#869 = DIRECTION ( 'NONE',  ( -1.000000000000000000, 0.000000000000000000, 0.000000000000000000 ) ) ;
#870 = ORIENTED_EDGE ( 'NONE', *, *, #1547, .T. ) ;
#871 = MECHANICAL_CONTEXT ( 'NONE', #2289, 'mechanical' ) ;
#872 = VERTEX_POINT ( 'NONE', #2112 ) ;
#873 = LINE ( 'NONE', #679, #1596 ) ;
#874 = AXIS2_PLACEMENT_3D ( 'NONE', #825, #90, #1160 ) ;
#875 = FACE_OUTER_BOUND ( 'NONE', #2096, .T. ) ;
#876 = ORIENTED_EDGE ( 'NONE', *, *, #1584, .T. ) ;
#877 = AXIS2_PLACEMENT_3D ( 'NONE', #890, #566, #750 ) ;
#878 = CIRCLE ( 'NONE', #503, 4.999999999999997335 ) ;
#879 = DIRECTION ( 'NONE',  ( -0.000000000000000000, -0.000000000000000000, 1.000000000000000000 ) ) ;
#880 = AXIS2_PLACEMENT_3D ( 'NONE', #227, #1835, #779 ) ;
#881 = ORIENTED_EDGE ( 'NONE', *, *, #1392, .F. ) ;
#882 = AXIS2_PLACEMENT_3D ( 'NONE', #1885, #1329, #73 ) ;
#883 = AXIS2_PLACEMENT_3D ( 'NONE', #1679, #1665, #1132 ) ;
#884 = CARTESIAN_POINT ( 'NONE',  ( 48.24390870680770860, -65.56025918871334568, -2.500000000000000000 ) ) ;
#885 = EDGE_CURVE ( 'NONE', #1485, #310, #171, .T. ) ;
#886 = ORIENTED_EDGE ( 'NONE', *, *, #492, .F. ) ;
#887 = COORDINATED_UNIVERSAL_TIME_OFFSET ( 5, 30, .AHEAD. ) ;
#888 = CYLINDRICAL_SURFACE ( 'NONE', #1709, 4.999999999999990230 ) ;
#889 = VERTEX_POINT ( 'NONE', #481 ) ;
#890 = CARTESIAN_POINT ( 'NONE',  ( 132.5021038489738601, -96.18742413903852650, -2.500000000000000000 ) ) ;
#891 = CYLINDRICAL_SURFACE ( 'NONE', #202, 4.999999999999999112 ) ;
#892 = ORIENTED_EDGE ( 'NONE', *, *, #1590, .F. ) ;
#893 = DIRECTION ( 'NONE',  ( 0.000000000000000000, 0.000000000000000000, 1.000000000000000000 ) ) ;
#894 = FACE_BOUND ( 'NONE', #678, .T. ) ;
#895 = VERTEX_POINT ( 'NONE', #1209 ) ;
#896 = DIRECTION ( 'NONE',  ( 0.000000000000000000, 0.000000000000000000, 1.000000000000000000 ) ) ;
#897 = ORIENTED_EDGE ( 'NONE', *, *, #1983, .F. ) ;
#898 = FACE_OUTER_BOUND ( 'NONE', #523, .T. ) ;
#899 = EDGE_CURVE ( 'NONE', #1842, #1862, #1639, .T. ) ;
#900 = ORIENTED_EDGE ( 'NONE', *, *, #2259, .F. ) ;
#901 = CARTESIAN_POINT ( 'NONE',  ( 10.29129054259028742, 0.09683924160320753205, -2.500000000000000000 ) ) ;
#902 = DIRECTION ( 'NONE',  ( -0.000000000000000000, -0.000000000000000000, 1.000000000000000000 ) ) ;
#903 = EDGE_LOOP ( 'NONE', ( #284, #1565, #1456, #1476 ) ) ;
#904 = CARTESIAN_POINT ( 'NONE',  ( 0.000000000000000000, 0.000000000000000000, 2.500000000000000000 ) ) ;
#905 = ORIENTED_EDGE ( 'NONE', *, *, #1909, .F. ) ;
#906 = CARTESIAN_POINT ( 'NONE',  ( -43.55495231136465151, -17.84782347022520455, -2.500000000000000000 ) ) ;
#907 = EDGE_CURVE ( 'NONE', #1283, #269, #981, .T. ) ;
#908 = CARTESIAN_POINT ( 'NONE',  ( 46.98553645788553013, -2.817452259450556440, 2.500000000000000000 ) ) ;
#909 = EDGE_LOOP ( 'NONE', ( #491, #2165, #1683, #1009 ) ) ;
#910 = DIRECTION ( 'NONE',  ( -0.000000000000000000, -0.000000000000000000, 1.000000000000000000 ) ) ;
#911 = AXIS2_PLACEMENT_3D ( 'NONE', #1578, #290, #858 ) ;
#912 = AXIS2_PLACEMENT_3D ( 'NONE', #2162, #2141, #1241 ) ;
#913 = AXIS2_PLACEMENT_3D ( 'NONE', #1242, #1268, #1063 ) ;
#914 = VECTOR ( 'NONE', #526, 1000.000000000000000 ) ;
#915 = ADVANCED_FACE ( 'NONE', ( #2277 ), #1199, .F. ) ;
#916 = DIRECTION ( 'NONE',  ( -0.000000000000000000, -0.000000000000000000, 1.000000000000000000 ) ) ;
#917 = VERTEX_POINT ( 'NONE', #1337 ) ;
#918 = AXIS2_PLACEMENT_3D ( 'NONE', #136, #838, #329 ) ;
#919 = CIRCLE ( 'NONE', #1368, 4.999999999999984013 ) ;
#920 = CYLINDRICAL_SURFACE ( 'NONE', #2263, 4.999999999999999112 ) ;
#921 = CARTESIAN_POINT ( 'NONE',  ( -71.91179020507514963, 38.13550500128882703, -2.500000000000000000 ) ) ;
#922 = CARTESIAN_POINT ( 'NONE',  ( 67.07158646945646296, -46.34523056307617139, -2.500000000000000000 ) ) ;
#923 = DIRECTION ( 'NONE',  ( -0.000000000000000000, -0.000000000000000000, 1.000000000000000000 ) ) ;
#924 = EDGE_CURVE ( 'NONE', #1156, #1516, #1092, .T. ) ;
#925 = CARTESIAN_POINT ( 'NONE',  ( -123.2602964936710066, -107.7762840109078013, -2.500000000000000000 ) ) ;
#926 = EDGE_CURVE ( 'NONE', #1350, #2214, #1712, .T. ) ;
#927 = DIRECTION ( 'NONE',  ( 1.000000000000000000, 0.000000000000000000, 0.000000000000000000 ) ) ;
#928 = CYLINDRICAL_SURFACE ( 'NONE', #391, 26.00000000000000355 ) ;
#929 = ORIENTED_EDGE ( 'NONE', *, *, #10, .T. ) ;
#930 = CARTESIAN_POINT ( 'NONE',  ( 46.98553645788553013, -2.817452259450556440, -2.500000000000000000 ) ) ;
#931 = CARTESIAN_POINT ( 'NONE',  ( 49.97948739238027116, 65.46327154006867488, -2.500000000000000000 ) ) ;
#932 = CARTESIAN_POINT ( 'NONE',  ( 6.492226669093978053, -7.985676661863260861, -2.500000000000000000 ) ) ;
#933 = VERTEX_POINT ( 'NONE', #2321 ) ;
#934 = CARTESIAN_POINT ( 'NONE',  ( -46.08321201296318037, 22.40725348412674833, 2.500000000000000000 ) ) ;
#935 = DIRECTION ( 'NONE',  ( 1.000000000000000000, 0.000000000000000000, 0.000000000000000000 ) ) ;
#936 = CARTESIAN_POINT ( 'NONE',  ( -11.59097748017694762, -49.91389264711434492, 2.500000000000000000 ) ) ;
#937 = CARTESIAN_POINT ( 'NONE',  ( -46.25110893650810340, -22.05861192996704290, -2.500000000000000000 ) ) ;
#938 = EDGE_CURVE ( 'NONE', #447, #1965, #1668, .T. ) ;
#939 = VERTEX_POINT ( 'NONE', #1789 ) ;
#940 = DIRECTION ( 'NONE',  ( -0.000000000000000000, 0.000000000000000000, 1.000000000000000000 ) ) ;
#941 = FACE_OUTER_BOUND ( 'NONE', #1240, .T. ) ;
#942 = EDGE_CURVE ( 'NONE', #1700, #1659, #504, .T. ) ;
#943 = DIRECTION ( 'NONE',  ( -1.000000000000000000, 0.000000000000000000, 0.000000000000000000 ) ) ;
#944 = DIRECTION ( 'NONE',  ( 0.000000000000000000, 0.000000000000000000, 1.000000000000000000 ) ) ;
#945 = AXIS2_PLACEMENT_3D ( 'NONE', #1031, #2261, #998 ) ;
#946 = CARTESIAN_POINT ( 'NONE',  ( 84.45379864103205136, 30.09554575619407402, 2.500000000000000000 ) ) ;
#947 = AXIS2_PLACEMENT_3D ( 'NONE', #452, #1169, #641 ) ;
#948 = ORIENTED_EDGE ( 'NONE', *, *, #938, .F. ) ;
#949 = VERTEX_POINT ( 'NONE', #1772 ) ;
#950 = AXIS2_PLACEMENT_3D ( 'NONE', #1970, #1440, #213 ) ;
#951 = CIRCLE ( 'NONE', #1140, 4.999999999999997335 ) ;
#952 = EDGE_CURVE ( 'NONE', #1191, #1037, #544, .T. ) ;
#953 = CARTESIAN_POINT ( 'NONE',  ( 27.09222993956406000, -38.49142437441576448, 2.500000000000000000 ) ) ;
#954 = AXIS2_PLACEMENT_3D ( 'NONE', #932, #1468, #1121 ) ;
#955 = FACE_BOUND ( 'NONE', #743, .T. ) ;
#956 = CIRCLE ( 'NONE', #1330, 200.0000000000000000 ) ;
#957 = CYLINDRICAL_SURFACE ( 'NONE', #748, 4.999999999999976907 ) ;
#958 = EDGE_CURVE ( 'NONE', #1733, #2178, #1900, .T. ) ;
#959 = DIRECTION ( 'NONE',  ( 1.000000000000000000, 0.000000000000000000, 0.000000000000000000 ) ) ;
#960 = ADVANCED_FACE ( 'NONE', ( #2134 ), #1434, .F. ) ;
#961 = CARTESIAN_POINT ( 'NONE',  ( 0.000000000000000000, 0.000000000000000000, -2.500000000000000000 ) ) ;
#962 = ORIENTED_EDGE ( 'NONE', *, *, #309, .T. ) ;
#963 = ORIENTED_EDGE ( 'NONE', *, *, #1966, .T. ) ;
#964 = CYLINDRICAL_SURFACE ( 'NONE', #91, 4.999999999999995559 ) ;
#965 = CIRCLE ( 'NONE', #1119, 4.999999999999976907 ) ;
#966 = CARTESIAN_POINT ( 'NONE',  ( 84.81864188487945455, 28.22062659903214765, -2.500000000000000000 ) ) ;
#967 = CARTESIAN_POINT ( 'NONE',  ( 48.24390870680770860, -65.56025918871334568, -2.500000000000000000 ) ) ;
#968 = ADVANCED_FACE ( 'NONE', ( #2166 ), #1424, .F. ) ;
#969 = DIRECTION ( 'NONE',  ( 0.000000000000000000, 0.000000000000000000, 1.000000000000000000 ) ) ;
#970 = LINE ( 'NONE', #211, #615 ) ;
#971 = EDGE_LOOP ( 'NONE', ( #2149, #1554, #1227, #1573, #685, #1414, #2074 ) ) ;
#972 = VERTEX_POINT ( 'NONE', #1245 ) ;
#973 = DIRECTION ( 'NONE',  ( -0.000000000000000000, -0.000000000000000000, 1.000000000000000000 ) ) ;
#974 = EDGE_LOOP ( 'NONE', ( #473, #1137, #119, #1323 ) ) ;
#975 = CYLINDRICAL_SURFACE ( 'NONE', #506, 79.99999999999997158 ) ;
#976 = ORIENTED_EDGE ( 'NONE', *, *, #133, .F. ) ;
#977 = CARTESIAN_POINT ( 'NONE',  ( -63.03227542818886064, -63.75827972591556403, 2.500000000000000000 ) ) ;
#978 = CC_DESIGN_PERSON_AND_ORGANIZATION_ASSIGNMENT ( #138, #1415, ( #280 ) ) ;
#979 = DIRECTION ( 'NONE',  ( -1.000000000000000000, 0.000000000000000000, 0.000000000000000000 ) ) ;
#980 = CARTESIAN_POINT ( 'NONE',  ( -20.01954594410299038, 79.89121892251873192, -2.500000000000000000 ) ) ;
#981 = LINE ( 'NONE', #851, #1072 ) ;
#982 = ORIENTED_EDGE ( 'NONE', *, *, #1491, .F. ) ;
#983 = ORIENTED_EDGE ( 'NONE', *, *, #719, .F. ) ;
#984 = EDGE_CURVE ( 'NONE', #1707, #1629, #159, .T. ) ;
#985 = DIRECTION ( 'NONE',  ( -0.000000000000000000, -0.000000000000000000, 1.000000000000000000 ) ) ;
#986 = VERTEX_POINT ( 'NONE', #1615 ) ;
#987 = AXIS2_PLACEMENT_3D ( 'NONE', #1521, #1326, #2031 ) ;
#988 = VECTOR ( 'NONE', #1387, 1000.000000000000000 ) ;
#989 = CARTESIAN_POINT ( 'NONE',  ( 10.54824944029747513, -89.03325453451886062, 2.500000000000000000 ) ) ;
#990 = CIRCLE ( 'NONE', #1032, 4.999999999999969802 ) ;
#991 = AXIS2_PLACEMENT_3D ( 'NONE', #1906, #2252, #117 ) ;
#992 = ORIENTED_EDGE ( 'NONE', *, *, #756, .F. ) ;
#993 = CARTESIAN_POINT ( 'NONE',  ( 35.68685504577277356, -37.04100246769727534, -2.500000000000000000 ) ) ;
#994 = CIRCLE ( 'NONE', #1822, 4.999999999999984013 ) ;
#995 = AXIS2_PLACEMENT_3D ( 'NONE', #375, #151, #2287 ) ;
#996 = AXIS2_PLACEMENT_3D ( 'NONE', #665, #1562, #2247 ) ;
#997 = CARTESIAN_POINT ( 'NONE',  ( 0.000000000000000000, 35.00000000000000711, 2.500000000000000000 ) ) ;
#998 = DIRECTION ( 'NONE',  ( 1.000000000000000000, 0.000000000000000000, 0.000000000000000000 ) ) ;
#999 = EDGE_CURVE ( 'NONE', #2256, #803, #1069, .T. ) ;
#1000 = CARTESIAN_POINT ( 'NONE',  ( 49.97948739238027116, 65.46327154006867488, -2.500000000000000000 ) ) ;
#1001 = ORIENTED_EDGE ( 'NONE', *, *, #99, .F. ) ;
#1002 = ORIENTED_EDGE ( 'NONE', *, *, #924, .T. ) ;
#1003 = ADVANCED_FACE ( 'NONE', ( #1234 ), #2153, .T. ) ;
#1004 = DIRECTION ( 'NONE',  ( -1.000000000000000000, 0.000000000000000000, 0.000000000000000000 ) ) ;
#1005 = FACE_OUTER_BOUND ( 'NONE', #517, .T. ) ;
#1006 = FACE_OUTER_BOUND ( 'NONE', #2064, .T. ) ;
#1007 = FACE_OUTER_BOUND ( 'NONE', #1612, .T. ) ;
#1008 = DIRECTION ( 'NONE',  ( -0.000000000000000000, 0.000000000000000000, 1.000000000000000000 ) ) ;
#1009 = ORIENTED_EDGE ( 'NONE', *, *, #907, .T. ) ;
#1010 = ORIENTED_EDGE ( 'NONE', *, *, #789, .F. ) ;
#1011 = EDGE_CURVE ( 'NONE', #1572, #2219, #1222, .T. ) ;
#1012 = DIRECTION ( 'NONE',  ( 1.000000000000000000, 0.000000000000000000, 0.000000000000000000 ) ) ;
#1013 = EDGE_LOOP ( 'NONE', ( #1250, #2147, #153, #2053 ) ) ;
#1014 = FACE_OUTER_BOUND ( 'NONE', #1200, .T. ) ;
#1015 = VERTEX_POINT ( 'NONE', #1941 ) ;
#1016 = DIRECTION ( 'NONE',  ( 0.000000000000000000, 0.000000000000000000, 1.000000000000000000 ) ) ;
#1017 = DIRECTION ( 'NONE',  ( -0.000000000000000000, -0.000000000000000000, 1.000000000000000000 ) ) ;
#1018 = CYLINDRICAL_SURFACE ( 'NONE', #2083, 79.99999999999998579 ) ;
#1019 = PERSON ( 'UNSPECIFIED', 'UNSPECIFIED', 'UNSPECIFIED', ('UNSPECIFIED'), ('UNSPECIFIED'), ('UNSPECIFIED') ) ;
#1020 = CARTESIAN_POINT ( 'NONE',  ( -109.9852621398578947, 108.1833080322783189, -2.500000000000000000 ) ) ;
#1021 = ORIENTED_EDGE ( 'NONE', *, *, #1286, .F. ) ;
#1022 = ORIENTED_EDGE ( 'NONE', *, *, #758, .T. ) ;
#1023 = APPROVAL ( #356, 'UNSPECIFIED' ) ;
#1024 = PERSON_AND_ORGANIZATION_ROLE ( 'creator' ) ;
#1025 = ORIENTED_EDGE ( 'NONE', *, *, #1420, .F. ) ;
#1026 = CIRCLE ( 'NONE', #660, 4.999999999999997335 ) ;
#1027 = CIRCLE ( 'NONE', #1179, 4.999999999999990230 ) ;
#1028 = CARTESIAN_POINT ( 'NONE',  ( 157.8160668840682490, 43.62243826462304241, -2.500000000000000000 ) ) ;
#1029 = CIRCLE ( 'NONE', #1364, 4.999999999999984013 ) ;
#1030 = CIRCLE ( 'NONE', #317, 200.0000000000000000 ) ;
#1031 = CARTESIAN_POINT ( 'NONE',  ( 16.00642679821123693, 153.4411298379074822, -2.500000000000000000 ) ) ;
#1032 = AXIS2_PLACEMENT_3D ( 'NONE', #759, #1675, #598 ) ;
#1033 = CIRCLE ( 'NONE', #57, 4.999999999999976907 ) ;
#1034 = EDGE_CURVE ( 'NONE', #663, #841, #535, .T. ) ;
#1035 = APPROVAL_PERSON_ORGANIZATION ( #1945, #1273, #2283 ) ;
#1036 = DIRECTION ( 'NONE',  ( -0.000000000000000000, 0.000000000000000000, 1.000000000000000000 ) ) ;
#1037 = VERTEX_POINT ( 'NONE', #1258 ) ;
#1038 = ORIENTED_EDGE ( 'NONE', *, *, #285, .T. ) ;
#1039 =( NAMED_UNIT ( * ) PLANE_ANGLE_UNIT ( ) SI_UNIT ( $, .RADIAN. ) );
#1040 = ORIENTED_EDGE ( 'NONE', *, *, #1356, .T. ) ;
#1041 = CYLINDRICAL_SURFACE ( 'NONE', #1362, 4.999999999999969802 ) ;
#1042 = ADVANCED_FACE ( 'NONE', ( #326 ), #1981, .F. ) ;
#1043 = DIRECTION ( 'NONE',  ( -1.000000000000000000, 0.000000000000000000, 0.000000000000000000 ) ) ;
#1044 = DIRECTION ( 'NONE',  ( 1.000000000000000000, 0.000000000000000000, 0.000000000000000000 ) ) ;
#1045 = ORIENTED_EDGE ( 'NONE', *, *, #756, .T. ) ;
#1046 = CARTESIAN_POINT ( 'NONE',  ( 6.492226669093978053, -7.985676661863260861, -2.500000000000000000 ) ) ;
#1047 = ORIENTED_EDGE ( 'NONE', *, *, #525, .T. ) ;
#1048 = APPROVAL_DATE_TIME ( #1403, #1273 ) ;
#1049 = EDGE_LOOP ( 'NONE', ( #1205, #1266 ) ) ;
#1050 = CARTESIAN_POINT ( 'NONE',  ( 0.000000000000000000, 0.000000000000000000, -2.500000000000000000 ) ) ;
#1051 = FACE_OUTER_BOUND ( 'NONE', #1696, .T. ) ;
#1052 = VERTEX_POINT ( 'NONE', #1764 ) ;
#1053 = EDGE_CURVE ( 'NONE', #228, #1803, #1564, .T. ) ;
#1054 = DIRECTION ( 'NONE',  ( 0.000000000000000000, 0.000000000000000000, 1.000000000000000000 ) ) ;
#1055 = FACE_OUTER_BOUND ( 'NONE', #342, .T. ) ;
#1056 = ORIENTED_EDGE ( 'NONE', *, *, #999, .F. ) ;
#1057 = EDGE_CURVE ( 'NONE', #1015, #1195, #1976, .T. ) ;
#1058 = CARTESIAN_POINT ( 'NONE',  ( -40.32096940283197739, 70.85688063900606437, 2.500000000000000000 ) ) ;
#1059 = ORIENTED_EDGE ( 'NONE', *, *, #1057, .T. ) ;
#1060 = CARTESIAN_POINT ( 'NONE',  ( 4.999999999999754863, -35.00000000000000711, -2.500000000000000000 ) ) ;
#1061 = AXIS2_PLACEMENT_3D ( 'NONE', #2060, #275, #1207 ) ;
#1062 = AXIS2_PLACEMENT_3D ( 'NONE', #2079, #463, #1183 ) ;
#1063 = DIRECTION ( 'NONE',  ( 1.000000000000000000, 0.000000000000000000, 0.000000000000000000 ) ) ;
#1064 = ORIENTED_EDGE ( 'NONE', *, *, #2006, .F. ) ;
#1065 = AXIS2_PLACEMENT_3D ( 'NONE', #2319, #497, #1043 ) ;
#1066 = AXIS2_PLACEMENT_3D ( 'NONE', #937, #1825, #765 ) ;
#1067 = CIRCLE ( 'NONE', #2049, 4.999999999999999112 ) ;
#1068 = DIRECTION ( 'NONE',  ( -0.000000000000000000, -0.000000000000000000, 1.000000000000000000 ) ) ;
#1069 = CIRCLE ( 'NONE', #1109, 79.99999999999998579 ) ;
#1070 = ORIENTED_EDGE ( 'NONE', *, *, #701, .F. ) ;
#1071 = CC_DESIGN_APPROVAL ( #1400, ( #280 ) ) ;
#1072 = VECTOR ( 'NONE', #1189, 1000.000000000000000 ) ;
#1073 = CARTESIAN_POINT ( 'NONE',  ( -73.43341120492938501, -37.29508277965895502, -2.500000000000000000 ) ) ;
#1074 = EDGE_CURVE ( 'NONE', #1980, #433, #919, .T. ) ;
#1075 = EDGE_LOOP ( 'NONE', ( #2278, #1233 ) ) ;
#1076 = CALENDAR_DATE ( 2026, 31, 7 ) ;
#1077 = DIRECTION ( 'NONE',  ( 1.000000000000000000, 0.000000000000000000, 0.000000000000000000 ) ) ;
#1078 = ORIENTED_EDGE ( 'NONE', *, *, #720, .T. ) ;
#1079 = DIRECTION ( 'NONE',  ( 1.000000000000000000, 0.000000000000000000, 0.000000000000000000 ) ) ;
#1080 = DIRECTION ( 'NONE',  ( 0.000000000000000000, 0.000000000000000000, 1.000000000000000000 ) ) ;
#1081 = EDGE_LOOP ( 'NONE', ( #420, #1504, #1202, #2288, #897, #85, #386 ) ) ;
#1082 = DIRECTION ( 'NONE',  ( -1.000000000000000000, 0.000000000000000000, 0.000000000000000000 ) ) ;
#1083 = FACE_BOUND ( 'NONE', #1585, .T. ) ;
#1084 = ORIENTED_EDGE ( 'NONE', *, *, #2030, .T. ) ;
#1085 = EDGE_CURVE ( 'NONE', #986, #747, #281, .T. ) ;
#1086 = DIRECTION ( 'NONE',  ( 1.000000000000000000, 0.000000000000000000, 0.000000000000000000 ) ) ;
#1087 = ORIENTED_EDGE ( 'NONE', *, *, #1949, .F. ) ;
#1088 = DIRECTION ( 'NONE',  ( -0.000000000000000000, -0.000000000000000000, 1.000000000000000000 ) ) ;
#1089 = CARTESIAN_POINT ( 'NONE',  ( 78.05261047464476576, 23.54289926002828182, 2.500000000000000000 ) ) ;
#1090 = ORIENTED_EDGE ( 'NONE', *, *, #1999, .T. ) ;
#1091 = EDGE_CURVE ( 'NONE', #2254, #775, #2050, .T. ) ;
#1092 = LINE ( 'NONE', #553, #1184 ) ;
#1093 = DIRECTION ( 'NONE',  ( 1.000000000000000000, 0.000000000000000000, 0.000000000000000000 ) ) ;
#1094 = EDGE_LOOP ( 'NONE', ( #2019, #905, #8, #400 ) ) ;
#1095 = DIRECTION ( 'NONE',  ( 1.000000000000000000, 0.000000000000000000, 0.000000000000000000 ) ) ;
#1096 = DIRECTION ( 'NONE',  ( 0.000000000000000000, 0.000000000000000000, 1.000000000000000000 ) ) ;
#1097 = CYLINDRICAL_SURFACE ( 'NONE', #954, 79.99999999999998579 ) ;
#1098 = DIRECTION ( 'NONE',  ( 0.000000000000000000, 0.000000000000000000, 1.000000000000000000 ) ) ;
#1099 = ADVANCED_FACE ( 'NONE', ( #56 ), #383, .T. ) ;
#1100 = FACE_OUTER_BOUND ( 'NONE', #2237, .T. ) ;
#1101 = AXIS2_PLACEMENT_3D ( 'NONE', #1702, #1197, #1741 ) ;
#1102 = CIRCLE ( 'NONE', #1481, 4.999999999999990230 ) ;
#1103 = CIRCLE ( 'NONE', #1407, 4.999999999999999112 ) ;
#1104 = CIRCLE ( 'NONE', #694, 5.000000000000000000 ) ;
#1105 = FACE_OUTER_BOUND ( 'NONE', #2104, .T. ) ;
#1106 = CARTESIAN_POINT ( 'NONE',  ( -41.08321201296318037, 22.40725348412674833, -2.500000000000000000 ) ) ;
#1107 = ORIENTED_EDGE ( 'NONE', *, *, #525, .F. ) ;
#1108 = AXIS2_PLACEMENT_3D ( 'NONE', #1437, #1188, #1376 ) ;
#1109 = AXIS2_PLACEMENT_3D ( 'NONE', #1398, #1054, #524 ) ;
#1110 = DIRECTION ( 'NONE',  ( 1.000000000000000000, 0.000000000000000000, 0.000000000000000000 ) ) ;
#1111 = FACE_OUTER_BOUND ( 'NONE', #797, .T. ) ;
#1112 = CARTESIAN_POINT ( 'NONE',  ( -153.1558053961325072, -18.53875125897268816, -2.500000000000000000 ) ) ;
#1113 = LINE ( 'NONE', #591, #783 ) ;
#1114 = EDGE_CURVE ( 'NONE', #836, #1932, #1033, .T. ) ;
#1115 = CARTESIAN_POINT ( 'NONE',  ( 35.00000000000000000, -1.222018468595097053E-13, -2.500000000000000000 ) ) ;
#1116 = CARTESIAN_POINT ( 'NONE',  ( -11.59097748017694762, -49.91389264711434492, -2.500000000000000000 ) ) ;
#1117 = DIRECTION ( 'NONE',  ( -0.000000000000000000, -0.000000000000000000, 1.000000000000000000 ) ) ;
#1118 = ORIENTED_EDGE ( 'NONE', *, *, #2318, .F. ) ;
#1119 = AXIS2_PLACEMENT_3D ( 'NONE', #2010, #1500, #560 ) ;
#1120 = CARTESIAN_POINT ( 'NONE',  ( -73.43341120492938501, -37.29508277965895502, -2.500000000000000000 ) ) ;
#1121 = DIRECTION ( 'NONE',  ( 1.000000000000000000, 0.000000000000000000, 0.000000000000000000 ) ) ;
#1122 = DIRECTION ( 'NONE',  ( 0.000000000000000000, 0.000000000000000000, 1.000000000000000000 ) ) ;
#1123 = CARTESIAN_POINT ( 'NONE',  ( -11.59097748017694762, -49.91389264711434492, -2.500000000000000000 ) ) ;
#1124 = EDGE_CURVE ( 'NONE', #731, #1629, #2196, .T. ) ;
#1125 = DIRECTION ( 'NONE',  ( -0.000000000000000000, -0.000000000000000000, 1.000000000000000000 ) ) ;
#1126 = ORIENTED_EDGE ( 'NONE', *, *, #1692, .F. ) ;
#1127 = ORIENTED_EDGE ( 'NONE', *, *, #1340, .F. ) ;
#1128 = CARTESIAN_POINT ( 'NONE',  ( 64.29131269437159801, 150.5837149194496476, -2.500000000000000000 ) ) ;
#1129 = ADVANCED_FACE ( 'NONE', ( #1851 ), #210, .F. ) ;
#1130 = FACE_BOUND ( 'NONE', #1312, .T. ) ;
#1131 = CARTESIAN_POINT ( 'NONE',  ( -161.1144297410311026, 29.17136637406458277, 2.500000000000000000 ) ) ;
#1132 = DIRECTION ( 'NONE',  ( -1.000000000000000000, 0.000000000000000000, 0.000000000000000000 ) ) ;
#1133 = AXIS2_PLACEMENT_3D ( 'NONE', #103, #2070, #620 ) ;
#1134 = CARTESIAN_POINT ( 'NONE',  ( 46.98553645788553013, -2.817452259450556440, -2.500000000000000000 ) ) ;
#1135 = DIRECTION ( 'NONE',  ( -0.000000000000000000, -0.000000000000000000, 1.000000000000000000 ) ) ;
#1136 = CIRCLE ( 'NONE', #464, 149.9999999999999716 ) ;
#1137 = ORIENTED_EDGE ( 'NONE', *, *, #366, .F. ) ;
#1138 = ORIENTED_EDGE ( 'NONE', *, *, #1660, .T. ) ;
#1139 = VECTOR ( 'NONE', #369, 1000.000000000000000 ) ;
#1140 = AXIS2_PLACEMENT_3D ( 'NONE', #221, #1293, #1841 ) ;
#1141 = EDGE_CURVE ( 'NONE', #616, #725, #67, .T. ) ;
#1142 = DIRECTION ( 'NONE',  ( 0.000000000000000000, 0.000000000000000000, 1.000000000000000000 ) ) ;
#1143 = AXIS2_PLACEMENT_3D ( 'NONE', #1474, #577, #2020 ) ;
#1144 = ORIENTED_EDGE ( 'NONE', *, *, #1721, .F. ) ;
#1145 = FACE_OUTER_BOUND ( 'NONE', #305, .T. ) ;
#1146 = ORIENTED_EDGE ( 'NONE', *, *, #1408, .T. ) ;
#1147 = CARTESIAN_POINT ( 'NONE',  ( 79.81864188487946876, 28.22062659903214765, -2.500000000000000000 ) ) ;
#1148 = FACE_OUTER_BOUND ( 'NONE', #2089, .T. ) ;
#1149 = CARTESIAN_POINT ( 'NONE',  ( -9.314149361652518166, 4.377974479088539539, -2.500000000000000000 ) ) ;
#1150 = ORIENTED_EDGE ( 'NONE', *, *, #1797, .T. ) ;
#1151 = VERTEX_POINT ( 'NONE', #42 ) ;
#1152 = CARTESIAN_POINT ( 'NONE',  ( 100.0000000000000000, 1.224646799147353217E-14, -2.500000000000000000 ) ) ;
#1153 = ORIENTED_EDGE ( 'NONE', *, *, #1464, .T. ) ;
#1154 = EDGE_CURVE ( 'NONE', #1757, #2320, #320, .T. ) ;
#1155 = CARTESIAN_POINT ( 'NONE',  ( 67.07158646945646296, -46.34523056307617139, 2.500000000000000000 ) ) ;
#1156 = VERTEX_POINT ( 'NONE', #1656 ) ;
#1157 = DIRECTION ( 'NONE',  ( 1.000000000000000000, 0.000000000000000000, 0.000000000000000000 ) ) ;
#1158 = DIRECTION ( 'NONE',  ( 1.000000000000000000, 0.000000000000000000, 0.000000000000000000 ) ) ;
#1159 = LINE ( 'NONE', #814, #1967 ) ;
#1160 = DIRECTION ( 'NONE',  ( 1.000000000000000000, 0.000000000000000000, 0.000000000000000000 ) ) ;
#1161 = EDGE_CURVE ( 'NONE', #2137, #949, #35, .T. ) ;
#1162 = DIRECTION ( 'NONE',  ( 1.000000000000000000, 0.000000000000000000, 0.000000000000000000 ) ) ;
#1163 = ORIENTED_EDGE ( 'NONE', *, *, #2035, .T. ) ;
#1164 = ORIENTED_EDGE ( 'NONE', *, *, #1590, .T. ) ;
#1165 = LINE ( 'NONE', #2187, #205 ) ;
#1166 = DIRECTION ( 'NONE',  ( -1.000000000000000000, 0.000000000000000000, 0.000000000000000000 ) ) ;
#1167 = ORIENTED_EDGE ( 'NONE', *, *, #1085, .T. ) ;
#1168 = EDGE_CURVE ( 'NONE', #2219, #418, #774, .T. ) ;
#1169 = DIRECTION ( 'NONE',  ( -0.000000000000000000, -0.000000000000000000, 1.000000000000000000 ) ) ;
#1170 = DIRECTION ( 'NONE',  ( 1.000000000000000000, 0.000000000000000000, 0.000000000000000000 ) ) ;
#1171 = ADVANCED_FACE ( 'NONE', ( #1318 ), #570, .F. ) ;
#1172 = CARTESIAN_POINT ( 'NONE',  ( -84.15858240555688496, 9.206104793870601100, -2.500000000000000000 ) ) ;
#1173 = DIRECTION ( 'NONE',  ( -1.000000000000000000, 0.000000000000000000, 0.000000000000000000 ) ) ;
#1174 = VERTEX_POINT ( 'NONE', #2034 ) ;
#1175 = ORIENTED_EDGE ( 'NONE', *, *, #1909, .T. ) ;
#1176 = DIRECTION ( 'NONE',  ( 0.000000000000000000, 0.000000000000000000, 1.000000000000000000 ) ) ;
#1177 = ORIENTED_EDGE ( 'NONE', *, *, #1792, .F. ) ;
#1178 = CIRCLE ( 'NONE', #1666, 79.99999999999998579 ) ;
#1179 = AXIS2_PLACEMENT_3D ( 'NONE', #2172, #1096, #1285 ) ;
#1180 =( LENGTH_UNIT ( ) NAMED_UNIT ( * ) SI_UNIT ( .MILLI., .METRE. ) );
#1181 = AXIS2_PLACEMENT_3D ( 'NONE', #1829, #381, #393 ) ;
#1182 = VERTEX_POINT ( 'NONE', #2195 ) ;
#1183 = DIRECTION ( 'NONE',  ( -1.000000000000000000, 0.000000000000000000, 0.000000000000000000 ) ) ;
#1184 = VECTOR ( 'NONE', #1801, 1000.000000000000000 ) ;
#1185 = DIRECTION ( 'NONE',  ( 1.000000000000000000, 0.000000000000000000, 0.000000000000000000 ) ) ;
#1186 = CYLINDRICAL_SURFACE ( 'NONE', #1513, 100.0000000000000000 ) ;
#1187 = ADVANCED_FACE ( 'NONE', ( #1148 ), #1867, .F. ) ;
#1188 = DIRECTION ( 'NONE',  ( 0.000000000000000000, 0.000000000000000000, 1.000000000000000000 ) ) ;
#1189 = DIRECTION ( 'NONE',  ( -0.000000000000000000, -0.000000000000000000, 1.000000000000000000 ) ) ;
#1190 = EDGE_LOOP ( 'NONE', ( #1655, #241, #1533, #1453 ) ) ;
#1191 = VERTEX_POINT ( 'NONE', #2047 ) ;
#1192 = ORIENTED_EDGE ( 'NONE', *, *, #2040, .F. ) ;
#1193 = ADVANCED_FACE ( 'NONE', ( #1100 ), #218, .F. ) ;
#1194 = DIRECTION ( 'NONE',  ( -0.000000000000000000, -0.000000000000000000, 1.000000000000000000 ) ) ;
#1195 = VERTEX_POINT ( 'NONE', #744 ) ;
#1196 = CARTESIAN_POINT ( 'NONE',  ( 30.25842680932960960, 75.70274575270639161, -2.500000000000000000 ) ) ;
#1197 = DIRECTION ( 'NONE',  ( -0.000000000000000000, 0.000000000000000000, 1.000000000000000000 ) ) ;
#1198 = DIRECTION ( 'NONE',  ( 0.000000000000000000, 0.000000000000000000, 1.000000000000000000 ) ) ;
#1199 = CYLINDRICAL_SURFACE ( 'NONE', #581, 79.99999999999998579 ) ;
#1200 = EDGE_LOOP ( 'NONE', ( #574, #485, #1311, #2106 ) ) ;
#1201 = EDGE_CURVE ( 'NONE', #1932, #155, #537, .T. ) ;
#1202 = ORIENTED_EDGE ( 'NONE', *, *, #1843, .F. ) ;
#1203 = DIRECTION ( 'NONE',  ( 0.000000000000000000, 0.000000000000000000, 1.000000000000000000 ) ) ;
#1204 = EDGE_CURVE ( 'NONE', #1210, #635, #2175, .T. ) ;
#1205 = ORIENTED_EDGE ( 'NONE', *, *, #859, .F. ) ;
#1206 = CARTESIAN_POINT ( 'NONE',  ( -46.25110893650810340, -22.05861192996704290, -2.500000000000000000 ) ) ;
#1207 = DIRECTION ( 'NONE',  ( 1.000000000000000000, 0.000000000000000000, 0.000000000000000000 ) ) ;
#1208 = DIRECTION ( 'NONE',  ( -0.000000000000000000, -0.000000000000000000, 1.000000000000000000 ) ) ;
#1209 = CARTESIAN_POINT ( 'NONE',  ( -7.708452606069227109, 46.43445306977952924, -2.500000000000000000 ) ) ;
#1210 = VERTEX_POINT ( 'NONE', #1717 ) ;
#1211 = DIRECTION ( 'NONE',  ( 1.000000000000000000, 0.000000000000000000, 0.000000000000000000 ) ) ;
#1212 = ORIENTED_EDGE ( 'NONE', *, *, #1432, .T. ) ;
#1213 = APPROVAL_STATUS ( 'not_yet_approved' ) ;
#1214 = EDGE_CURVE ( 'NONE', #889, #1446, #2045, .T. ) ;
#1215 = ORIENTED_EDGE ( 'NONE', *, *, #154, .F. ) ;
#1216 = AXIS2_PLACEMENT_3D ( 'NONE', #815, #1347, #303 ) ;
#1217 = AXIS2_PLACEMENT_3D ( 'NONE', #2026, #43, #58 ) ;
#1218 = CARTESIAN_POINT ( 'NONE',  ( 67.07158646945646296, -46.34523056307617139, -2.500000000000000000 ) ) ;
#1219 = VECTOR ( 'NONE', #1950, 1000.000000000000000 ) ;
#1220 = CIRCLE ( 'NONE', #501, 100.0000000000000000 ) ;
#1221 = AXIS2_PLACEMENT_3D ( 'NONE', #1546, #2281, #683 ) ;
#1222 = CIRCLE ( 'NONE', #1328, 200.0000000000000000 ) ;
#1223 = AXIS2_PLACEMENT_3D ( 'NONE', #1874, #2257, #1548 ) ;
#1224 = DIRECTION ( 'NONE',  ( 1.000000000000000000, 0.000000000000000000, 0.000000000000000000 ) ) ;
#1225 = CARTESIAN_POINT ( 'NONE',  ( -40.00000000000000711, 3.672178639781027916E-13, -2.500000000000000000 ) ) ;
#1226 = DIRECTION ( 'NONE',  ( 1.000000000000000000, 0.000000000000000000, 0.000000000000000000 ) ) ;
#1227 = ORIENTED_EDGE ( 'NONE', *, *, #771, .T. ) ;
#1228 = CALENDAR_DATE ( 2026, 31, 7 ) ;
#1229 = ORIENTED_EDGE ( 'NONE', *, *, #684, .T. ) ;
#1230 = CARTESIAN_POINT ( 'NONE',  ( 10.54824944029747158, -89.03325453451884641, -2.500000000000000000 ) ) ;
#1231 = CARTESIAN_POINT ( 'NONE',  ( 9.751757831308918156, -84.09710207366329371, 2.500000000000000000 ) ) ;
#1232 = VECTOR ( 'NONE', #1300, 1000.000000000000000 ) ;
#1233 = ORIENTED_EDGE ( 'NONE', *, *, #1831, .T. ) ;
#1234 = FACE_OUTER_BOUND ( 'NONE', #176, .T. ) ;
#1235 = ADVANCED_FACE ( 'NONE', ( #847 ), #2111, .F. ) ;
#1236 = ORIENTED_EDGE ( 'NONE', *, *, #2318, .T. ) ;
#1237 = CARTESIAN_POINT ( 'NONE',  ( 0.000000000000000000, 0.000000000000000000, 2.500000000000000000 ) ) ;
#1238 = ORIENTED_EDGE ( 'NONE', *, *, #1888, .T. ) ;
#1239 = DIRECTION ( 'NONE',  ( 0.000000000000000000, 0.000000000000000000, 1.000000000000000000 ) ) ;
#1240 = EDGE_LOOP ( 'NONE', ( #530, #628, #1177, #798 ) ) ;
#1241 = DIRECTION ( 'NONE',  ( -1.000000000000000000, 0.000000000000000000, 0.000000000000000000 ) ) ;
#1242 = CARTESIAN_POINT ( 'NONE',  ( -45.27439531000447204, 71.53774169836563601, -2.500000000000000000 ) ) ;
#1243 = ORIENTED_EDGE ( 'NONE', *, *, #439, .F. ) ;
#1244 = ADVANCED_FACE ( 'NONE', ( #1357 ), #115, .F. ) ;
#1245 = CARTESIAN_POINT ( 'NONE',  ( -41.25110893650811050, -22.05861192996704290, -2.500000000000000000 ) ) ;
#1246 = CARTESIAN_POINT ( 'NONE',  ( -16.44483155977163591, 84.79290445193448988, 2.500000000000000000 ) ) ;
#1247 = ORIENTED_EDGE ( 'NONE', *, *, #76, .T. ) ;
#1248 = CALENDAR_DATE ( 2026, 31, 7 ) ;
#1249 = CARTESIAN_POINT ( 'NONE',  ( -6.709431689971584234, -50.99579407429163780, -2.500000000000000000 ) ) ;
#1250 = ORIENTED_EDGE ( 'NONE', *, *, #1011, .T. ) ;
#1251 = DIRECTION ( 'NONE',  ( -0.000000000000000000, -0.000000000000000000, 1.000000000000000000 ) ) ;
#1252 = CIRCLE ( 'NONE', #1849, 100.0000000000000000 ) ;
#1253 = AXIS2_PLACEMENT_3D ( 'NONE', #288, #1716, #125 ) ;
#1254 = EDGE_LOOP ( 'NONE', ( #736, #1799, #929, #2233 ) ) ;
#1255 = AXIS2_PLACEMENT_3D ( 'NONE', #2139, #529, #1265 ) ;
#1256 = AXIS2_PLACEMENT_3D ( 'NONE', #143, #1036, #446 ) ;
#1257 = AXIS2_PLACEMENT_3D ( 'NONE', #223, #940, #768 ) ;
#1258 = CARTESIAN_POINT ( 'NONE',  ( -80.53785325677816331, 12.65433918717739914, -2.500000000000000000 ) ) ;
#1259 = AXIS2_PLACEMENT_3D ( 'NONE', #816, #1755, #1359 ) ;
#1260 = EDGE_CURVE ( 'NONE', #482, #635, #421, .T. ) ;
#1261 = CIRCLE ( 'NONE', #874, 200.0000000000000000 ) ;
#1262 = CARTESIAN_POINT ( 'NONE',  ( -46.08321201296318037, 22.40725348412674833, -2.500000000000000000 ) ) ;
#1263 = ORIENTED_EDGE ( 'NONE', *, *, #2114, .T. ) ;
#1264 = DATE_AND_TIME ( #1076, #1978 ) ;
#1265 = DIRECTION ( 'NONE',  ( 1.000000000000000000, 0.000000000000000000, 0.000000000000000000 ) ) ;
#1266 = ORIENTED_EDGE ( 'NONE', *, *, #109, .F. ) ;
#1267 = CARTESIAN_POINT ( 'NONE',  ( 52.70048843394035742, -63.29334561830318506, 2.500000000000000000 ) ) ;
#1268 = DIRECTION ( 'NONE',  ( 0.000000000000000000, 0.000000000000000000, 1.000000000000000000 ) ) ;
#1269 = EDGE_LOOP ( 'NONE', ( #1404, #1759, #1144, #179 ) ) ;
#1270 = AXIS2_PLACEMENT_3D ( 'NONE', #1819, #217, #787 ) ;
#1271 = CARTESIAN_POINT ( 'NONE',  ( -71.91179020507514963, 38.13550500128882703, -2.500000000000000000 ) ) ;
#1272 = DIRECTION ( 'NONE',  ( 1.000000000000000000, 0.000000000000000000, 0.000000000000000000 ) ) ;
#1273 = APPROVAL ( #1574, 'UNSPECIFIED' ) ;
#1274 = ORIENTED_EDGE ( 'NONE', *, *, #259, .T. ) ;
#1275 = EDGE_CURVE ( 'NONE', #2214, #1350, #612, .T. ) ;
#1276 = CARTESIAN_POINT ( 'NONE',  ( 71.82988354353463478, -44.80945422688039059, -2.500000000000000000 ) ) ;
#1277 = CARTESIAN_POINT ( 'NONE',  ( -6.709431689971584234, -50.99579407429163780, -2.500000000000000000 ) ) ;
#1278 = CARTESIAN_POINT ( 'NONE',  ( -80.53785325677816331, 12.65433918717739914, -2.500000000000000000 ) ) ;
#1279 = EDGE_CURVE ( 'NONE', #675, #1532, #126, .T. ) ;
#1280 = ORIENTED_EDGE ( 'NONE', *, *, #1053, .F. ) ;
#1281 = CARTESIAN_POINT ( 'NONE',  ( 7.411354065256101187, -163.5661943001271936, 2.500000000000000000 ) ) ;
#1282 = DIRECTION ( 'NONE',  ( -0.000000000000000000, -0.000000000000000000, 1.000000000000000000 ) ) ;
#1283 = VERTEX_POINT ( 'NONE', #1568 ) ;
#1284 = CARTESIAN_POINT ( 'NONE',  ( -40.00000000000000711, 3.672178639781027916E-13, 2.500000000000000000 ) ) ;
#1285 = DIRECTION ( 'NONE',  ( 1.000000000000000000, 0.000000000000000000, 0.000000000000000000 ) ) ;
#1286 = EDGE_CURVE ( 'NONE', #1678, #1813, #1252, .T. ) ;
#1287 = LINE ( 'NONE', #246, #1975 ) ;
#1288 = CARTESIAN_POINT ( 'NONE',  ( -44.05337951570293598, -26.54971261832032781, -2.500000000000000000 ) ) ;
#1289 = CARTESIAN_POINT ( 'NONE',  ( -46.08321201296318037, 22.40725348412674833, -2.500000000000000000 ) ) ;
#1290 = CIRCLE ( 'NONE', #575, 200.0000000000000000 ) ;
#1291 = AXIS2_PLACEMENT_3D ( 'NONE', #1436, #27, #516 ) ;
#1292 = CARTESIAN_POINT ( 'NONE',  ( 51.21021205287190980, 4.806419495824894028, 2.500000000000000000 ) ) ;
#1293 = DIRECTION ( 'NONE',  ( 0.000000000000000000, 0.000000000000000000, 1.000000000000000000 ) ) ;
#1294 = EDGE_LOOP ( 'NONE', ( #863, #717, #1314, #1672, #1911, #222, #79 ) ) ;
#1295 = LOCAL_TIME ( 21, 4, 8.000000000000000000, #528 ) ;
#1296 = AXIS2_PLACEMENT_3D ( 'NONE', #2, #896, #1594 ) ;
#1297 = DIRECTION ( 'NONE',  ( -0.000000000000000000, -0.000000000000000000, 1.000000000000000000 ) ) ;
#1298 = CYLINDRICAL_SURFACE ( 'NONE', #1181, 149.9999999999999716 ) ;
#1299 = EDGE_CURVE ( 'NONE', #310, #1532, #1026, .T. ) ;
#1300 = DIRECTION ( 'NONE',  ( -0.000000000000000000, -0.000000000000000000, 1.000000000000000000 ) ) ;
#1301 = CARTESIAN_POINT ( 'NONE',  ( -26.00000000000000355, 3.184081677783118585E-15, -2.500000000000000000 ) ) ;
#1302 = CARTESIAN_POINT ( 'NONE',  ( 86.49222666909396651, -7.985676661863260861, -2.500000000000000000 ) ) ;
#1303 = VERTEX_POINT ( 'NONE', #89 ) ;
#1304 = EDGE_LOOP ( 'NONE', ( #23, #1651, #1687, #802 ) ) ;
#1305 = CARTESIAN_POINT ( 'NONE',  ( -45.27439531000447204, 71.53774169836563601, -2.500000000000000000 ) ) ;
#1306 = DIRECTION ( 'NONE',  ( -0.000000000000000000, -0.000000000000000000, 1.000000000000000000 ) ) ;
#1307 = FACE_OUTER_BOUND ( 'NONE', #1766, .T. ) ;
#1308 = DIRECTION ( 'NONE',  ( -0.000000000000000000, -0.000000000000000000, 1.000000000000000000 ) ) ;
#1309 = EDGE_CURVE ( 'NONE', #917, #673, #13, .T. ) ;
#1310 = FACE_OUTER_BOUND ( 'NONE', #601, .T. ) ;
#1311 = ORIENTED_EDGE ( 'NONE', *, *, #926, .T. ) ;
#1312 = EDGE_LOOP ( 'NONE', ( #1698, #2160, #1163, #611, #1728, #1038, #1539 ) ) ;
#1313 = DIRECTION ( 'NONE',  ( 1.000000000000000000, 0.000000000000000000, 0.000000000000000000 ) ) ;
#1314 = ORIENTED_EDGE ( 'NONE', *, *, #263, .F. ) ;
#1315 = CARTESIAN_POINT ( 'NONE',  ( -35.00000000000000711, 3.666055405785290907E-13, -2.500000000000000000 ) ) ;
#1316 = VERTEX_POINT ( 'NONE', #668 ) ;
#1317 = CARTESIAN_POINT ( 'NONE',  ( 27.09222993956406000, -38.49142437441576448, -2.500000000000000000 ) ) ;
#1318 = FACE_OUTER_BOUND ( 'NONE', #199, .T. ) ;
#1319 = AXIS2_PLACEMENT_3D ( 'NONE', #250, #2227, #1388 ) ;
#1320 = LINE ( 'NONE', #1302, #1561 ) ;
#1321 = EDGE_LOOP ( 'NONE', ( #2068, #318, #1630, #1354 ) ) ;
#1322 = ADVANCED_FACE ( 'NONE', ( #1006 ), #834, .F. ) ;
#1323 = ORIENTED_EDGE ( 'NONE', *, *, #380, .T. ) ;
#1324 = AXIS2_PLACEMENT_3D ( 'NONE', #702, #341, #1827 ) ;
#1325 = AXIS2_PLACEMENT_3D ( 'NONE', #1670, #44, #59 ) ;
#1326 = DIRECTION ( 'NONE',  ( 0.000000000000000000, 0.000000000000000000, 1.000000000000000000 ) ) ;
#1327 = CIRCLE ( 'NONE', #236, 4.999999999999990230 ) ;
#1328 = AXIS2_PLACEMENT_3D ( 'NONE', #346, #2121, #1044 ) ;
#1329 = DIRECTION ( 'NONE',  ( 0.000000000000000000, 0.000000000000000000, 1.000000000000000000 ) ) ;
#1330 = AXIS2_PLACEMENT_3D ( 'NONE', #2057, #2067, #84 ) ;
#1331 = EDGE_CURVE ( 'NONE', #244, #1722, #444, .T. ) ;
#1332 = VERTEX_POINT ( 'NONE', #1691 ) ;
#1333 = CARTESIAN_POINT ( 'NONE',  ( 79.81864188487946876, 28.22062659903214765, 2.500000000000000000 ) ) ;
#1334 = DIRECTION ( 'NONE',  ( -0.000000000000000000, -0.000000000000000000, 1.000000000000000000 ) ) ;
#1335 = DIRECTION ( 'NONE',  ( -0.000000000000000000, -0.000000000000000000, 1.000000000000000000 ) ) ;
#1336 = DIRECTION ( 'NONE',  ( -1.000000000000000000, 0.000000000000000000, 0.000000000000000000 ) ) ;
#1337 = CARTESIAN_POINT ( 'NONE',  ( -6.709431689971584234, -50.99579407429163780, 2.500000000000000000 ) ) ;
#1338 = VERTEX_POINT ( 'NONE', #77 ) ;
#1339 = VERTEX_POINT ( 'NONE', #1551 ) ;
#1340 = EDGE_CURVE ( 'NONE', #1606, #939, #2260, .T. ) ;
#1341 = CARTESIAN_POINT ( 'NONE',  ( 35.68685504577277356, -37.04100246769727534, 2.500000000000000000 ) ) ;
#1342 = DIRECTION ( 'NONE',  ( 0.000000000000000000, 0.000000000000000000, 1.000000000000000000 ) ) ;
#1343 = ADVANCED_FACE ( 'NONE', ( #642 ), #2239, .F. ) ;
#1344 = ORIENTED_EDGE ( 'NONE', *, *, #1627, .T. ) ;
#1345 = DIRECTION ( 'NONE',  ( -0.000000000000000000, -0.000000000000000000, 1.000000000000000000 ) ) ;
#1346 = CYLINDRICAL_SURFACE ( 'NONE', #1372, 4.999999999999997335 ) ;
#1347 = DIRECTION ( 'NONE',  ( 0.000000000000000000, 0.000000000000000000, 1.000000000000000000 ) ) ;
#1348 = DIRECTION ( 'NONE',  ( -0.000000000000000000, -0.000000000000000000, 1.000000000000000000 ) ) ;
#1349 = VERTEX_POINT ( 'NONE', #1914 ) ;
#1350 = VERTEX_POINT ( 'NONE', #1904 ) ;
#1351 = FACE_OUTER_BOUND ( 'NONE', #1254, .T. ) ;
#1352 = EDGE_LOOP ( 'NONE', ( #139, #416, #1775, #374 ) ) ;
#1353 = CARTESIAN_POINT ( 'NONE',  ( -2.384438862786357305, 10.01171764385895280, -2.500000000000000000 ) ) ;
#1354 = ORIENTED_EDGE ( 'NONE', *, *, #99, .T. ) ;
#1355 = CYLINDRICAL_SURFACE ( 'NONE', #14, 4.999999999999997335 ) ;
#1356 = EDGE_CURVE ( 'NONE', #1195, #1052, #1159, .T. ) ;
#1357 = FACE_OUTER_BOUND ( 'NONE', #1304, .T. ) ;
#1358 = DIRECTION ( 'NONE',  ( 0.000000000000000000, 0.000000000000000000, 1.000000000000000000 ) ) ;
#1359 = DIRECTION ( 'NONE',  ( 1.000000000000000000, 0.000000000000000000, 0.000000000000000000 ) ) ;
#1360 = ORIENTED_EDGE ( 'NONE', *, *, #1356, .F. ) ;
#1361 = ORIENTED_EDGE ( 'NONE', *, *, #1085, .F. ) ;
#1362 = AXIS2_PLACEMENT_3D ( 'NONE', #726, #531, #1760 ) ;
#1363 = ORIENTED_EDGE ( 'NONE', *, *, #1114, .F. ) ;
#1364 = AXIS2_PLACEMENT_3D ( 'NONE', #149, #706, #1632 ) ;
#1365 = AXIS2_PLACEMENT_3D ( 'NONE', #2001, #755, #605 ) ;
#1366 = CARTESIAN_POINT ( 'NONE',  ( 35.00000000000000000, -1.222018468595097053E-13, -2.500000000000000000 ) ) ;
#1367 = AXIS2_PLACEMENT_3D ( 'NONE', #1112, #2042, #1863 ) ;
#1368 = AXIS2_PLACEMENT_3D ( 'NONE', #431, #238, #2205 ) ;
#1369 = EDGE_LOOP ( 'NONE', ( #486, #1138, #367, #189 ) ) ;
#1370 = DIRECTION ( 'NONE',  ( -0.000000000000000000, -0.000000000000000000, 1.000000000000000000 ) ) ;
#1371 = AXIS2_PLACEMENT_3D ( 'NONE', #1726, #1901, #1166 ) ;
#1372 = AXIS2_PLACEMENT_3D ( 'NONE', #302, #1017, #454 ) ;
#1373 = ADVANCED_FACE ( 'NONE', ( #289 ), #1346, .F. ) ;
#1374 = CARTESIAN_POINT ( 'NONE',  ( -13.20207830402540772, -45.18056885347895957, -2.500000000000000000 ) ) ;
#1375 = CYLINDRICAL_SURFACE ( 'NONE', #805, 4.999999999999976907 ) ;
#1376 = DIRECTION ( 'NONE',  ( -1.000000000000000000, 0.000000000000000000, 0.000000000000000000 ) ) ;
#1377 = DIRECTION ( 'NONE',  ( 0.000000000000000000, 0.000000000000000000, 1.000000000000000000 ) ) ;
#1378 = ORIENTED_EDGE ( 'NONE', *, *, #1279, .T. ) ;
#1379 = ORIENTED_EDGE ( 'NONE', *, *, #1524, .F. ) ;
#1380 = EDGE_CURVE ( 'NONE', #2151, #287, #532, .T. ) ;
#1381 = CARTESIAN_POINT ( 'NONE',  ( -5.000000000000000000, 35.00000000000000711, -2.500000000000000000 ) ) ;
#1382 = ORIENTED_EDGE ( 'NONE', *, *, #165, .T. ) ;
#1383 = ADVANCED_FACE ( 'NONE', ( #1960 ), #1925, .F. ) ;
#1384 = DIRECTION ( 'NONE',  ( -0.000000000000000000, -0.000000000000000000, 1.000000000000000000 ) ) ;
#1385 = CIRCLE ( 'NONE', #105, 4.999999999999990230 ) ;
#1386 = ORIENTED_EDGE ( 'NONE', *, *, #1753, .F. ) ;
#1387 = DIRECTION ( 'NONE',  ( -0.000000000000000000, -0.000000000000000000, 1.000000000000000000 ) ) ;
#1388 = DIRECTION ( 'NONE',  ( 1.000000000000000000, 0.000000000000000000, 0.000000000000000000 ) ) ;
#1389 = CARTESIAN_POINT ( 'NONE',  ( -9.314149361652518166, 4.377974479088539539, -2.500000000000000000 ) ) ;
#1390 = CARTESIAN_POINT ( 'NONE',  ( 6.340802733446546213, 8.106433220981923427, -2.500000000000000000 ) ) ;
#1391 = ORIENTED_EDGE ( 'NONE', *, *, #2280, .T. ) ;
#1392 = EDGE_CURVE ( 'NONE', #747, #817, #657, .T. ) ;
#1393 = ORIENTED_EDGE ( 'NONE', *, *, #719, .T. ) ;
#1394 = DATE_TIME_ROLE ( 'creation_date' ) ;
#1395 = VERTEX_POINT ( 'NONE', #2286 ) ;
#1396 = DIRECTION ( 'NONE',  ( -0.000000000000000000, -0.000000000000000000, 1.000000000000000000 ) ) ;
#1397 = CYLINDRICAL_SURFACE ( 'NONE', #1748, 100.0000000000000000 ) ;
#1398 = CARTESIAN_POINT ( 'NONE',  ( -2.195616303519532853, -10.05481516082925175, 2.500000000000000000 ) ) ;
#1399 = ORIENTED_EDGE ( 'NONE', *, *, #942, .T. ) ;
#1400 = APPROVAL ( #1213, 'UNSPECIFIED' ) ;
#1401 = CARTESIAN_POINT ( 'NONE',  ( 27.70233488333854410, 80.00000000000000000, -2.500000000000000000 ) ) ;
#1402 = ORIENTED_EDGE ( 'NONE', *, *, #2210, .F. ) ;
#1403 = DATE_AND_TIME ( #686, #321 ) ;
#1404 = ORIENTED_EDGE ( 'NONE', *, *, #1168, .T. ) ;
#1405 = AXIS2_PLACEMENT_3D ( 'NONE', #1631, #2004, #741 ) ;
#1406 = LINE ( 'NONE', #1230, #232 ) ;
#1407 = AXIS2_PLACEMENT_3D ( 'NONE', #1872, #1685, #71 ) ;
#1408 = EDGE_CURVE ( 'NONE', #1052, #1332, #2225, .T. ) ;
#1409 = CARTESIAN_POINT ( 'NONE',  ( 48.24390870680770860, -65.56025918871334568, -2.500000000000000000 ) ) ;
#1410 = AXIS2_PLACEMENT_3D ( 'NONE', #226, #944, #2216 ) ;
#1411 = CC_DESIGN_APPROVAL ( #1273, ( #22 ) ) ;
#1412 = DIRECTION ( 'NONE',  ( -0.000000000000000000, 0.000000000000000000, 1.000000000000000000 ) ) ;
#1413 = LINE ( 'NONE', #1765, #1667 ) ;
#1414 = ORIENTED_EDGE ( 'NONE', *, *, #715, .T. ) ;
#1415 = PERSON_AND_ORGANIZATION_ROLE ( 'design_supplier' ) ;
#1416 = EDGE_CURVE ( 'NONE', #1151, #1813, #1703, .T. ) ;
#1417 = FACE_OUTER_BOUND ( 'NONE', #2115, .T. ) ;
#1418 = ORIENTED_EDGE ( 'NONE', *, *, #624, .T. ) ;
#1419 = CARTESIAN_POINT ( 'NONE',  ( -80.99690338004052137, -131.3007527306087354, -2.500000000000000000 ) ) ;
#1420 = EDGE_CURVE ( 'NONE', #45, #242, #161, .T. ) ;
#1421 = DIRECTION ( 'NONE',  ( -0.000000000000000000, -0.000000000000000000, 1.000000000000000000 ) ) ;
#1422 = AXIS2_PLACEMENT_3D ( 'NONE', #2274, #2249, #260 ) ;
#1423 = EDGE_LOOP ( 'NONE', ( #1418, #1525, #1720, #2043 ) ) ;
#1424 = CYLINDRICAL_SURFACE ( 'NONE', #995, 4.999999999999976907 ) ;
#1425 = CARTESIAN_POINT ( 'NONE',  ( -16.62651314358351584, -80.66565651762903144, -2.500000000000000000 ) ) ;
#1426 = ORIENTED_EDGE ( 'NONE', *, *, #984, .F. ) ;
#1427 = PERSON_AND_ORGANIZATION ( #1019, #2094 ) ;
#1428 = DIRECTION ( 'NONE',  ( -0.000000000000000000, -0.000000000000000000, -1.000000000000000000 ) ) ;
#1429 = ORIENTED_EDGE ( 'NONE', *, *, #1589, .F. ) ;
#1430 = CARTESIAN_POINT ( 'NONE',  ( -48.22423404093470367, 17.88884395468603472, 2.500000000000000000 ) ) ;
#1431 = UNCERTAINTY_MEASURE_WITH_UNIT (LENGTH_MEASURE( 1.000000000000000082E-05 ), #1180, 'distance_accuracy_value', 'NONE');
#1432 = EDGE_CURVE ( 'NONE', #616, #2273, #1979, .T. ) ;
#1433 = VERTEX_POINT ( 'NONE', #669 ) ;
#1434 = CYLINDRICAL_SURFACE ( 'NONE', #619, 79.99999999999997158 ) ;
#1435 = ORIENTED_EDGE ( 'NONE', *, *, #1204, .F. ) ;
#1436 = CARTESIAN_POINT ( 'NONE',  ( -80.99690338004052137, -131.3007527306087354, -2.500000000000000000 ) ) ;
#1437 = CARTESIAN_POINT ( 'NONE',  ( 6.492226669093978053, -7.985676661863260861, -2.500000000000000000 ) ) ;
#1438 = ORIENTED_EDGE ( 'NONE', *, *, #1847, .T. ) ;
#1439 = DATE_AND_TIME ( #1248, #1295 ) ;
#1440 = DIRECTION ( 'NONE',  ( 0.000000000000000000, 0.000000000000000000, 1.000000000000000000 ) ) ;
#1441 = ORIENTED_EDGE ( 'NONE', *, *, #924, .F. ) ;
#1442 = DIRECTION ( 'NONE',  ( 0.000000000000000000, 0.000000000000000000, 1.000000000000000000 ) ) ;
#1443 = AXIS2_PLACEMENT_3D ( 'NONE', #1115, #910, #25 ) ;
#1444 = VECTOR ( 'NONE', #361, 1000.000000000000000 ) ;
#1445 = DIRECTION ( 'NONE',  ( 1.000000000000000000, 0.000000000000000000, 0.000000000000000000 ) ) ;
#1446 = VERTEX_POINT ( 'NONE', #1905 ) ;
#1447 = AXIS2_PLACEMENT_3D ( 'NONE', #1652, #2315, #712 ) ;
#1448 = VECTOR ( 'NONE', #164, 1000.000000000000000 ) ;
#1449 = ADVANCED_FACE ( 'NONE', ( #1926 ), #1186, .T. ) ;
#1450 = AXIS2_PLACEMENT_3D ( 'NONE', #1315, #49, #233 ) ;
#1451 = DIRECTION ( 'NONE',  ( 0.000000000000000000, 0.000000000000000000, 1.000000000000000000 ) ) ;
#1452 = VECTOR ( 'NONE', #196, 1000.000000000000000 ) ;
#1453 = ORIENTED_EDGE ( 'NONE', *, *, #1949, .T. ) ;
#1454 = AXIS2_PLACEMENT_3D ( 'NONE', #438, #1715, #1526 ) ;
#1455 = LINE ( 'NONE', #1425, #1448 ) ;
#1456 = ORIENTED_EDGE ( 'NONE', *, *, #1918, .F. ) ;
#1457 = ADVANCED_FACE ( 'NONE', ( #127 ), #1018, .F. ) ;
#1458 = CARTESIAN_POINT ( 'NONE',  ( -5.000000000000000000, 35.00000000000000711, -2.500000000000000000 ) ) ;
#1459 = DIRECTION ( 'NONE',  ( 0.000000000000000000, 0.000000000000000000, 1.000000000000000000 ) ) ;
#1460 = DIRECTION ( 'NONE',  ( 1.000000000000000000, 0.000000000000000000, 0.000000000000000000 ) ) ;
#1461 = VERTEX_POINT ( 'NONE', #312 ) ;
#1462 = CARTESIAN_POINT ( 'NONE',  ( -109.9852621398578947, 108.1833080322783189, -2.500000000000000000 ) ) ;
#1463 = DIRECTION ( 'NONE',  ( 1.000000000000000000, 0.000000000000000000, 0.000000000000000000 ) ) ;
#1464 = EDGE_CURVE ( 'NONE', #433, #2292, #498, .T. ) ;
#1465 = EDGE_LOOP ( 'NONE', ( #2002, #137, #542, #900 ) ) ;
#1466 = CARTESIAN_POINT ( 'NONE',  ( 16.00642679821123693, 153.4411298379074822, -2.500000000000000000 ) ) ;
#1467 = DIRECTION ( 'NONE',  ( -0.000000000000000000, -0.000000000000000000, 1.000000000000000000 ) ) ;
#1468 = DIRECTION ( 'NONE',  ( -0.000000000000000000, -0.000000000000000000, 1.000000000000000000 ) ) ;
#1469 = ORIENTED_EDGE ( 'NONE', *, *, #6, .F. ) ;
#1470 = DIRECTION ( 'NONE',  ( 0.000000000000000000, 0.000000000000000000, 1.000000000000000000 ) ) ;
#1471 = LINE ( 'NONE', #2198, #2194 ) ;
#1472 = ORIENTED_EDGE ( 'NONE', *, *, #259, .F. ) ;
#1473 = ADVANCED_FACE ( 'NONE', ( #1007 ), #848, .F. ) ;
#1474 = CARTESIAN_POINT ( 'NONE',  ( 52.15431891694791489, -145.1906093488465217, 2.500000000000000000 ) ) ;
#1475 = CYLINDRICAL_SURFACE ( 'NONE', #578, 4.999999999999990230 ) ;
#1476 = ORIENTED_EDGE ( 'NONE', *, *, #293, .T. ) ;
#1477 = ADVANCED_FACE ( 'NONE', ( #264 ), #1375, .F. ) ;
#1478 = CIRCLE ( 'NONE', #763, 200.0000000000000000 ) ;
#1479 = DIRECTION ( 'NONE',  ( -1.000000000000000000, 0.000000000000000000, 0.000000000000000000 ) ) ;
#1480 = AXIS2_PLACEMENT_3D ( 'NONE', #589, #47, #782 ) ;
#1481 = AXIS2_PLACEMENT_3D ( 'NONE', #1974, #865, #2295 ) ;
#1482 = CIRCLE ( 'NONE', #1367, 149.9999999999999716 ) ;
#1483 = DIRECTION ( 'NONE',  ( -0.000000000000000000, -0.000000000000000000, 1.000000000000000000 ) ) ;
#1484 = ORIENTED_EDGE ( 'NONE', *, *, #2168, .T. ) ;
#1485 = VERTEX_POINT ( 'NONE', #1579 ) ;
#1486 = CC_DESIGN_SECURITY_CLASSIFICATION ( #22, ( #280 ) ) ;
#1487 = AXIS2_PLACEMENT_3D ( 'NONE', #1281, #777, #1840 ) ;
#1488 = DIRECTION ( 'NONE',  ( -0.000000000000000000, -0.000000000000000000, 1.000000000000000000 ) ) ;
#1489 = DIRECTION ( 'NONE',  ( -0.000000000000000000, -0.000000000000000000, 1.000000000000000000 ) ) ;
#1490 = DIRECTION ( 'NONE',  ( 1.000000000000000000, 0.000000000000000000, 0.000000000000000000 ) ) ;
#1491 = EDGE_CURVE ( 'NONE', #2294, #447, #2156, .T. ) ;
#1492 = DIRECTION ( 'NONE',  ( -0.000000000000000000, -0.000000000000000000, 1.000000000000000000 ) ) ;
#1493 = CARTESIAN_POINT ( 'NONE',  ( 5.584289841739586535, -81.33445650176757624, -2.500000000000000000 ) ) ;
#1494 = ORIENTED_EDGE ( 'NONE', *, *, #2129, .F. ) ;
#1495 = ORIENTED_EDGE ( 'NONE', *, *, #309, .F. ) ;
#1496 = CYLINDRICAL_SURFACE ( 'NONE', #1522, 4.999999999999984013 ) ;
#1497 = EDGE_LOOP ( 'NONE', ( #323, #271, #2310, #599 ) ) ;
#1498 = CARTESIAN_POINT ( 'NONE',  ( 129.9449498856226626, 83.15465124695724342, -2.500000000000000000 ) ) ;
#1499 = ORIENTED_EDGE ( 'NONE', *, *, #1547, .F. ) ;
#1500 = DIRECTION ( 'NONE',  ( 0.000000000000000000, 0.000000000000000000, 1.000000000000000000 ) ) ;
#1501 = EDGE_CURVE ( 'NONE', #1316, #244, #1261, .T. ) ;
#1502 = DIRECTION ( 'NONE',  ( -0.000000000000000000, -0.000000000000000000, 1.000000000000000000 ) ) ;
#1503 = CARTESIAN_POINT ( 'NONE',  ( -6.590977480176950287, -49.91389264711434492, 2.500000000000000000 ) ) ;
#1504 = ORIENTED_EDGE ( 'NONE', *, *, #1011, .F. ) ;
#1505 = ORIENTED_EDGE ( 'NONE', *, *, #453, .F. ) ;
#1506 = EDGE_CURVE ( 'NONE', #889, #2301, #1530, .T. ) ;
#1507 = LINE ( 'NONE', #231, #1598 ) ;
#1508 = CARTESIAN_POINT ( 'NONE',  ( 0.000000000000000000, 35.00000000000000711, -2.500000000000000000 ) ) ;
#1509 = ORIENTED_EDGE ( 'NONE', *, *, #720, .F. ) ;
#1510 = CARTESIAN_POINT ( 'NONE',  ( -2.195616303519532853, -10.05481516082925175, -2.500000000000000000 ) ) ;
#1511 = CARTESIAN_POINT ( 'NONE',  ( 51.24168228167444283, -0.1934814656641497266, -2.500000000000000000 ) ) ;
#1512 = CC_DESIGN_PERSON_AND_ORGANIZATION_ASSIGNMENT ( #180, #2304, ( #2232 ) ) ;
#1513 = AXIS2_PLACEMENT_3D ( 'NONE', #1754, #2240, #1336 ) ;
#1514 = CARTESIAN_POINT ( 'NONE',  ( -43.55495231136465151, -17.84782347022520455, 2.500000000000000000 ) ) ;
#1515 = VECTOR ( 'NONE', #714, 1000.000000000000000 ) ;
#1516 = VERTEX_POINT ( 'NONE', #2251 ) ;
#1517 = VERTEX_POINT ( 'NONE', #276 ) ;
#1518 = EDGE_CURVE ( 'NONE', #1037, #646, #571, .T. ) ;
#1519 = VECTOR ( 'NONE', #172, 1000.000000000000000 ) ;
#1520 = CIRCLE ( 'NONE', #991, 4.999999999999999112 ) ;
#1521 = CARTESIAN_POINT ( 'NONE',  ( 6.340802733446546213, 8.106433220981923427, 2.500000000000000000 ) ) ;
#1522 = AXIS2_PLACEMENT_3D ( 'NONE', #1305, #2055, #2234 ) ;
#1523 = AXIS2_PLACEMENT_3D ( 'NONE', #1123, #1470, #2000 ) ;
#1524 = EDGE_CURVE ( 'NONE', #1182, #1722, #1478, .T. ) ;
#1525 = ORIENTED_EDGE ( 'NONE', *, *, #10, .F. ) ;
#1526 = DIRECTION ( 'NONE',  ( 1.000000000000000000, 0.000000000000000000, 0.000000000000000000 ) ) ;
#1527 = VECTOR ( 'NONE', #1384, 1000.000000000000000 ) ;
#1528 = DIRECTION ( 'NONE',  ( 1.000000000000000000, 0.000000000000000000, 0.000000000000000000 ) ) ;
#1529 = DIRECTION ( 'NONE',  ( -1.000000000000000000, 0.000000000000000000, 0.000000000000000000 ) ) ;
#1530 = LINE ( 'NONE', #1542, #1567 ) ;
#1531 = CARTESIAN_POINT ( 'NONE',  ( -20.01954594410299038, 79.89121892251873192, 2.500000000000000000 ) ) ;
#1532 = VERTEX_POINT ( 'NONE', #680 ) ;
#1533 = ORIENTED_EDGE ( 'NONE', *, *, #984, .T. ) ;
#1534 = CARTESIAN_POINT ( 'NONE',  ( -6.590977480176950287, -49.91389264711434492, -2.500000000000000000 ) ) ;
#1535 = ADVANCED_FACE ( 'NONE', ( #875 ), #335, .F. ) ;
#1536 = CARTESIAN_POINT ( 'NONE',  ( 146.0322753152504163, -49.74897577871303156, 2.500000000000000000 ) ) ;
#1537 = AXIS2_PLACEMENT_3D ( 'NONE', #272, #1913, #811 ) ;
#1538 = CYLINDRICAL_SURFACE ( 'NONE', #357, 5.000000000000000000 ) ;
#1539 = ORIENTED_EDGE ( 'NONE', *, *, #2210, .T. ) ;
#1540 = DIRECTION ( 'NONE',  ( 1.000000000000000000, 0.000000000000000000, 0.000000000000000000 ) ) ;
#1541 = DIRECTION ( 'NONE',  ( 0.000000000000000000, 0.000000000000000000, 1.000000000000000000 ) ) ;
#1542 = CARTESIAN_POINT ( 'NONE',  ( 28.17123488620472926, 43.03450954590088884, -2.500000000000000000 ) ) ;
#1543 = DIRECTION ( 'NONE',  ( 1.000000000000000000, 0.000000000000000000, 0.000000000000000000 ) ) ;
#1544 = ORIENTED_EDGE ( 'NONE', *, *, #638, .T. ) ;
#1545 = ORIENTED_EDGE ( 'NONE', *, *, #2005, .T. ) ;
#1546 = CARTESIAN_POINT ( 'NONE',  ( -46.08321201296318037, 22.40725348412674833, -2.500000000000000000 ) ) ;
#1547 = EDGE_CURVE ( 'NONE', #1994, #1338, #650, .T. ) ;
#1548 = DIRECTION ( 'NONE',  ( 1.000000000000000000, 0.000000000000000000, 0.000000000000000000 ) ) ;
#1549 = ORIENTED_EDGE ( 'NONE', *, *, #1420, .T. ) ;
#1550 = DIRECTION ( 'NONE',  ( 1.000000000000000000, 0.000000000000000000, 0.000000000000000000 ) ) ;
#1551 = CARTESIAN_POINT ( 'NONE',  ( 86.49222666909396651, -7.985676661863260861, 2.500000000000000000 ) ) ;
#1552 = EDGE_CURVE ( 'NONE', #803, #1516, #129, .T. ) ;
#1553 = DIRECTION ( 'NONE',  ( 0.000000000000000000, 0.000000000000000000, 1.000000000000000000 ) ) ;
#1554 = ORIENTED_EDGE ( 'NONE', *, *, #1518, .T. ) ;
#1555 = ORIENTED_EDGE ( 'NONE', *, *, #2203, .T. ) ;
#1556 = VECTOR ( 'NONE', #2080, 1000.000000000000000 ) ;
#1557 = CIRCLE ( 'NONE', #1405, 26.00000000000000355 ) ;
#1558 = DIRECTION ( 'NONE',  ( 0.000000000000000000, 0.000000000000000000, 1.000000000000000000 ) ) ;
#1559 = EDGE_LOOP ( 'NONE', ( #450, #1713, #2088, #208 ) ) ;
#1560 = CIRCLE ( 'NONE', #1972, 100.0000000000000000 ) ;
#1561 = VECTOR ( 'NONE', #791, 1000.000000000000000 ) ;
#1562 = DIRECTION ( 'NONE',  ( -0.000000000000000000, -0.000000000000000000, -1.000000000000000000 ) ) ;
#1563 = AXIS2_PLACEMENT_3D ( 'NONE', #484, #2093, #1226 ) ;
#1564 = CIRCLE ( 'NONE', #2095, 4.999999999999976907 ) ;
#1565 = ORIENTED_EDGE ( 'NONE', *, *, #512, .F. ) ;
#1566 = DIRECTION ( 'NONE',  ( 0.000000000000000000, 0.000000000000000000, 1.000000000000000000 ) ) ;
#1567 = VECTOR ( 'NONE', #2071, 1000.000000000000000 ) ;
#1568 = CARTESIAN_POINT ( 'NONE',  ( -16.08125673824073587, 48.85673616389801310, -2.500000000000000000 ) ) ;
#1569 = ADVANCED_FACE ( 'NONE', ( #513 ), #1397, .T. ) ;
#1570 = CARTESIAN_POINT ( 'NONE',  ( 53.18124698980923881, 61.62286329610930125, 2.500000000000000000 ) ) ;
#1571 = DIRECTION ( 'NONE',  ( 0.000000000000000000, 0.000000000000000000, 1.000000000000000000 ) ) ;
#1572 = VERTEX_POINT ( 'NONE', #908 ) ;
#1573 = ORIENTED_EDGE ( 'NONE', *, *, #1114, .T. ) ;
#1574 = APPROVAL_STATUS ( 'not_yet_approved' ) ;
#1575 = VECTOR ( 'NONE', #822, 1000.000000000000000 ) ;
#1576 = ORIENTED_EDGE ( 'NONE', *, *, #2006, .T. ) ;
#1577 = DIRECTION ( 'NONE',  ( -0.000000000000000000, -0.000000000000000000, 1.000000000000000000 ) ) ;
#1578 = CARTESIAN_POINT ( 'NONE',  ( 6.492226669093978053, -7.985676661863260861, -2.500000000000000000 ) ) ;
#1579 = CARTESIAN_POINT ( 'NONE',  ( -74.94345286036086407, 34.15944897243994660, 2.500000000000000000 ) ) ;
#1580 = EDGE_CURVE ( 'NONE', #1338, #228, #1892, .T. ) ;
#1581 = DIRECTION ( 'NONE',  ( -0.000000000000000000, -0.000000000000000000, -1.000000000000000000 ) ) ;
#1582 = ORIENTED_EDGE ( 'NONE', *, *, #37, .T. ) ;
#1583 = ORIENTED_EDGE ( 'NONE', *, *, #1898, .T. ) ;
#1584 = EDGE_CURVE ( 'NONE', #244, #1994, #1029, .T. ) ;
#1585 = EDGE_LOOP ( 'NONE', ( #2118, #2208 ) ) ;
#1586 = DIRECTION ( 'NONE',  ( 1.000000000000000000, 0.000000000000000000, 0.000000000000000000 ) ) ;
#1587 = DIRECTION ( 'NONE',  ( 0.000000000000000000, 0.000000000000000000, 1.000000000000000000 ) ) ;
#1588 = DIRECTION ( 'NONE',  ( 1.000000000000000000, 0.000000000000000000, 0.000000000000000000 ) ) ;
#1589 = EDGE_CURVE ( 'NONE', #793, #1700, #2120, .T. ) ;
#1590 = EDGE_CURVE ( 'NONE', #1156, #2151, #733, .T. ) ;
#1591 = FACE_OUTER_BOUND ( 'NONE', #336, .T. ) ;
#1592 = EDGE_CURVE ( 'NONE', #841, #2256, #50, .T. ) ;
#1593 = ORIENTED_EDGE ( 'NONE', *, *, #1763, .T. ) ;
#1594 = DIRECTION ( 'NONE',  ( 1.000000000000000000, 0.000000000000000000, 0.000000000000000000 ) ) ;
#1595 = EDGE_LOOP ( 'NONE', ( #184, #568, #1022, #785 ) ) ;
#1596 = VECTOR ( 'NONE', #1396, 1000.000000000000000 ) ;
#1597 = CYLINDRICAL_SURFACE ( 'NONE', #877, 200.0000000000000000 ) ;
#1598 = VECTOR ( 'NONE', #973, 1000.000000000000000 ) ;
#1599 = VECTOR ( 'NONE', #1117, 1000.000000000000000 ) ;
#1600 = DIRECTION ( 'NONE',  ( -0.000000000000000000, -0.000000000000000000, -1.000000000000000000 ) ) ;
#1601 = AXIS2_PLACEMENT_3D ( 'NONE', #177, #1992, #1588 ) ;
#1602 = ORIENTED_EDGE ( 'NONE', *, *, #492, .T. ) ;
#1603 = DIRECTION ( 'NONE',  ( -0.000000000000000000, -0.000000000000000000, 1.000000000000000000 ) ) ;
#1604 = ORIENTED_EDGE ( 'NONE', *, *, #366, .T. ) ;
#1605 = DIRECTION ( 'NONE',  ( -0.000000000000000000, -0.000000000000000000, 1.000000000000000000 ) ) ;
#1606 = VERTEX_POINT ( 'NONE', #551 ) ;
#1607 = ADVANCED_FACE ( 'NONE', ( #866 ), #1798, .F. ) ;
#1608 = DIRECTION ( 'NONE',  ( -0.000000000000000000, -0.000000000000000000, 1.000000000000000000 ) ) ;
#1609 = ORIENTED_EDGE ( 'NONE', *, *, #859, .T. ) ;
#1610 = CYLINDRICAL_SURFACE ( 'NONE', #163, 4.999999999999990230 ) ;
#1611 = CARTESIAN_POINT ( 'NONE',  ( -2.444036937190194106E-13, -35.00000000000000711, -2.500000000000000000 ) ) ;
#1612 = EDGE_LOOP ( 'NONE', ( #1858, #124, #723, #1857 ) ) ;
#1613 = EDGE_CURVE ( 'NONE', #1339, #2253, #1178, .T. ) ;
#1614 = CYLINDRICAL_SURFACE ( 'NONE', #653, 4.999999999999997335 ) ;
#1615 = CARTESIAN_POINT ( 'NONE',  ( -16.44483155977163946, 84.79290445193450410, -2.500000000000000000 ) ) ;
#1616 = VERTEX_POINT ( 'NONE', #2143 ) ;
#1617 = PLANE ( 'NONE',  #1897 ) ;
#1618 = ORIENTED_EDGE ( 'NONE', *, *, #1501, .F. ) ;
#1619 = PERSON_AND_ORGANIZATION ( #1019, #2094 ) ;
#1620 = CARTESIAN_POINT ( 'NONE',  ( -30.00000000000001421, 3.666055405785290907E-13, 2.500000000000000000 ) ) ;
#1621 = EDGE_LOOP ( 'NONE', ( #2052, #1695, #112, #1001 ) ) ;
#1622 = CARTESIAN_POINT ( 'NONE',  ( 31.49777569314243664, 34.97811887243307183, -2.500000000000000000 ) ) ;
#1623 = CC_DESIGN_PERSON_AND_ORGANIZATION_ASSIGNMENT ( #509, #546, ( #1714 ) ) ;
#1624 = DIRECTION ( 'NONE',  ( -1.000000000000000000, 0.000000000000000000, 0.000000000000000000 ) ) ;
#1625 = ORIENTED_EDGE ( 'NONE', *, *, #2217, .F. ) ;
#1626 = DIRECTION ( 'NONE',  ( 0.000000000000000000, 0.000000000000000000, 1.000000000000000000 ) ) ;
#1627 = EDGE_CURVE ( 'NONE', #1461, #310, #175, .T. ) ;
#1628 = CYLINDRICAL_SURFACE ( 'NONE', #131, 200.0000000000000000 ) ;
#1629 = VERTEX_POINT ( 'NONE', #1089 ) ;
#1630 = ORIENTED_EDGE ( 'NONE', *, *, #29, .F. ) ;
#1631 = CARTESIAN_POINT ( 'NONE',  ( 0.000000000000000000, 0.000000000000000000, 2.500000000000000000 ) ) ;
#1632 = DIRECTION ( 'NONE',  ( 1.000000000000000000, 0.000000000000000000, 0.000000000000000000 ) ) ;
#1633 = ORIENTED_EDGE ( 'NONE', *, *, #334, .T. ) ;
#1634 = AXIS2_PLACEMENT_3D ( 'NONE', #1231, #1785, #1762 ) ;
#1635 = CIRCLE ( 'NONE', #1973, 4.999999999999997335 ) ;
#1636 = ADVANCED_FACE ( 'NONE', ( #1051 ), #891, .F. ) ;
#1637 = CIRCLE ( 'NONE', #1563, 149.9999999999999716 ) ;
#1638 = DIRECTION ( 'NONE',  ( 1.000000000000000000, 0.000000000000000000, 0.000000000000000000 ) ) ;
#1639 = CIRCLE ( 'NONE', #658, 4.999999999999997335 ) ;
#1640 = VERTEX_POINT ( 'NONE', #2092 ) ;
#1641 = CC_DESIGN_APPROVAL ( #1023, ( #2232 ) ) ;
#1642 = DIRECTION ( 'NONE',  ( 1.000000000000000000, 0.000000000000000000, 0.000000000000000000 ) ) ;
#1643 = ORIENTED_EDGE ( 'NONE', *, *, #512, .T. ) ;
#1644 = CARTESIAN_POINT ( 'NONE',  ( 35.00000000000000000, -1.222018468595097053E-13, -2.500000000000000000 ) ) ;
#1645 = DIRECTION ( 'NONE',  ( -0.000000000000000000, -0.000000000000000000, 1.000000000000000000 ) ) ;
#1646 = FACE_BOUND ( 'NONE', #1756, .T. ) ;
#1647 = DIRECTION ( 'NONE',  ( -1.000000000000000000, 0.000000000000000000, 0.000000000000000000 ) ) ;
#1648 = CARTESIAN_POINT ( 'NONE',  ( 84.81864188487945455, 28.22062659903214765, -2.500000000000000000 ) ) ;
#1649 = EDGE_CURVE ( 'NONE', #2320, #673, #100, .T. ) ;
#1650 = CARTESIAN_POINT ( 'NONE',  ( 0.000000000000000000, 0.000000000000000000, -2.500000000000000000 ) ) ;
#1651 = ORIENTED_EDGE ( 'NONE', *, *, #1506, .F. ) ;
#1652 = CARTESIAN_POINT ( 'NONE',  ( 32.09993623383959260, 39.94172670174709339, 2.500000000000000000 ) ) ;
#1653 = ADVANCED_FACE ( 'NONE', ( #1351 ), #1614, .F. ) ;
#1654 = CYLINDRICAL_SURFACE ( 'NONE', #1711, 149.9999999999999716 ) ;
#1655 = ORIENTED_EDGE ( 'NONE', *, *, #1161, .F. ) ;
#1656 = CARTESIAN_POINT ( 'NONE',  ( 53.24390870680768728, -65.56025918871334568, -2.500000000000000000 ) ) ;
#1657 = CARTESIAN_POINT ( 'NONE',  ( -79.00765002772304513, -34.90072159026215814, 2.500000000000000000 ) ) ;
#1658 = CARTESIAN_POINT ( 'NONE',  ( 51.21021205287190980, 4.806419495824894028, -2.500000000000000000 ) ) ;
#1659 = VERTEX_POINT ( 'NONE', #1878 ) ;
#1660 = EDGE_CURVE ( 'NONE', #972, #775, #261, .T. ) ;
#1661 = CARTESIAN_POINT ( 'NONE',  ( -7.708452606069227109, 46.43445306977952924, -2.500000000000000000 ) ) ;
#1662 = DIRECTION ( 'NONE',  ( 1.000000000000000000, 0.000000000000000000, 0.000000000000000000 ) ) ;
#1663 = CARTESIAN_POINT ( 'NONE',  ( -9.230115417172363834, -4.552472762839951059, 2.500000000000000000 ) ) ;
#1664 = CIRCLE ( 'NONE', #651, 26.00000000000000355 ) ;
#1665 = DIRECTION ( 'NONE',  ( 0.000000000000000000, 0.000000000000000000, 1.000000000000000000 ) ) ;
#1666 = AXIS2_PLACEMENT_3D ( 'NONE', #2164, #1587, #2296 ) ;
#1667 = VECTOR ( 'NONE', #1605, 1000.000000000000000 ) ;
#1668 = CIRCLE ( 'NONE', #429, 4.999999999999976907 ) ;
#1669 = LINE ( 'NONE', #1134, #806 ) ;
#1670 = CARTESIAN_POINT ( 'NONE',  ( -153.1558053961325072, -18.53875125897268816, 2.500000000000000000 ) ) ;
#1671 = VERTEX_POINT ( 'NONE', #1284 ) ;
#1672 = ORIENTED_EDGE ( 'NONE', *, *, #2177, .F. ) ;
#1673 = CIRCLE ( 'NONE', #996, 200.0000000000000000 ) ;
#1674 = VECTOR ( 'NONE', #1742, 1000.000000000000000 ) ;
#1675 = DIRECTION ( 'NONE',  ( 0.000000000000000000, 0.000000000000000000, 1.000000000000000000 ) ) ;
#1676 = EDGE_CURVE ( 'NONE', #404, #1151, #1560, .T. ) ;
#1677 = FACE_BOUND ( 'NONE', #971, .T. ) ;
#1678 = VERTEX_POINT ( 'NONE', #739 ) ;
#1679 = CARTESIAN_POINT ( 'NONE',  ( -46.25110893650810340, -22.05861192996704290, 2.500000000000000000 ) ) ;
#1680 = EDGE_CURVE ( 'NONE', #418, #1339, #273, .T. ) ;
#1681 = AXIS2_PLACEMENT_3D ( 'NONE', #300, #1566, #1550 ) ;
#1682 = DIRECTION ( 'NONE',  ( 0.000000000000000000, 0.000000000000000000, 1.000000000000000000 ) ) ;
#1683 = ORIENTED_EDGE ( 'NONE', *, *, #821, .F. ) ;
#1684 = ORIENTED_EDGE ( 'NONE', *, *, #54, .F. ) ;
#1685 = DIRECTION ( 'NONE',  ( -0.000000000000000000, 0.000000000000000000, 1.000000000000000000 ) ) ;
#1686 = FACE_OUTER_BOUND ( 'NONE', #118, .T. ) ;
#1687 = ORIENTED_EDGE ( 'NONE', *, *, #1966, .F. ) ;
#1688 = CC_DESIGN_PERSON_AND_ORGANIZATION_ASSIGNMENT ( #2128, #169, ( #22 ) ) ;
#1689 = DIRECTION ( 'NONE',  ( 0.000000000000000000, 0.000000000000000000, 1.000000000000000000 ) ) ;
#1690 = CARTESIAN_POINT ( 'NONE',  ( -46.25110893650810340, -22.05861192996704290, -2.500000000000000000 ) ) ;
#1691 = CARTESIAN_POINT ( 'NONE',  ( 49.97948739238027116, 65.46327154006867488, 2.500000000000000000 ) ) ;
#1692 = EDGE_CURVE ( 'NONE', #2056, #986, #17, .T. ) ;
#1693 = EDGE_CURVE ( 'NONE', #1951, #1350, #1986, .T. ) ;
#1694 = DIRECTION ( 'NONE',  ( 1.000000000000000000, 0.000000000000000000, 0.000000000000000000 ) ) ;
#1695 = ORIENTED_EDGE ( 'NONE', *, *, #644, .T. ) ;
#1696 = EDGE_LOOP ( 'NONE', ( #1871, #1971, #1805, #1509 ) ) ;
#1697 = CARTESIAN_POINT ( 'NONE',  ( -84.15858240555688496, 9.206104793870601100, 2.500000000000000000 ) ) ;
#1698 = ORIENTED_EDGE ( 'NONE', *, *, #958, .T. ) ;
#1699 = DIRECTION ( 'NONE',  ( -0.000000000000000000, -0.000000000000000000, 1.000000000000000000 ) ) ;
#1700 = VERTEX_POINT ( 'NONE', #2171 ) ;
#1701 = CARTESIAN_POINT ( 'NONE',  ( 48.24390870680770860, -65.56025918871334568, 2.500000000000000000 ) ) ;
#1702 = CARTESIAN_POINT ( 'NONE',  ( 35.00000000000000000, -1.222018468595097053E-13, 2.500000000000000000 ) ) ;
#1703 = LINE ( 'NONE', #2082, #1674 ) ;
#1704 = ADVANCED_FACE ( 'NONE', ( #557 ), #888, .F. ) ;
#1705 = DIRECTION ( 'NONE',  ( -0.000000000000000000, -0.000000000000000000, 1.000000000000000000 ) ) ;
#1706 = VECTOR ( 'NONE', #1370, 1000.000000000000000 ) ;
#1707 = VERTEX_POINT ( 'NONE', #749 ) ;
#1708 = EDGE_LOOP ( 'NONE', ( #1955, #1010 ) ) ;
#1709 = AXIS2_PLACEMENT_3D ( 'NONE', #1276, #378, #1095 ) ;
#1710 = AXIS2_PLACEMENT_3D ( 'NONE', #265, #1893, #633 ) ;
#1711 = AXIS2_PLACEMENT_3D ( 'NONE', #1498, #1306, #2007 ) ;
#1712 = CIRCLE ( 'NONE', #1787, 5.000000000000000000 ) ;
#1713 = ORIENTED_EDGE ( 'NONE', *, *, #1676, .F. ) ;
#1714 = PRODUCT ( 'Disc_brake3', 'Disc_brake3', '', ( #871 ) ) ;
#1715 = DIRECTION ( 'NONE',  ( -0.000000000000000000, -0.000000000000000000, 1.000000000000000000 ) ) ;
#1716 = DIRECTION ( 'NONE',  ( 0.000000000000000000, 0.000000000000000000, 1.000000000000000000 ) ) ;
#1717 = CARTESIAN_POINT ( 'NONE',  ( 30.00000000000000355, -1.215895234599360296E-13, -2.500000000000000000 ) ) ;
#1718 = DIRECTION ( 'NONE',  ( 0.000000000000000000, 0.000000000000000000, 1.000000000000000000 ) ) ;
#1719 = CARTESIAN_POINT ( 'NONE',  ( 5.584289841739586535, -81.33445650176757624, 2.500000000000000000 ) ) ;
#1720 = ORIENTED_EDGE ( 'NONE', *, *, #1201, .F. ) ;
#1721 = EDGE_CURVE ( 'NONE', #2178, #1433, #1780, .T. ) ;
#1722 = VERTEX_POINT ( 'NONE', #1058 ) ;
#1723 = DIRECTION ( 'NONE',  ( -1.000000000000000000, 0.000000000000000000, 0.000000000000000000 ) ) ;
#1724 = AXIS2_PLACEMENT_3D ( 'NONE', #1701, #478, #113 ) ;
#1725 = EDGE_LOOP ( 'NONE', ( #2125, #1771 ) ) ;
#1726 = CARTESIAN_POINT ( 'NONE',  ( 51.24168228167444283, -0.1934814656641497266, -2.500000000000000000 ) ) ;
#1727 = ADVANCED_FACE ( 'NONE', ( #1417 ), #920, .F. ) ;
#1728 = ORIENTED_EDGE ( 'NONE', *, *, #29, .T. ) ;
#1729 = CARTESIAN_POINT ( 'NONE',  ( 82.34294732665532024, 1.740145480564836422, -2.500000000000000000 ) ) ;
#1730 = DIRECTION ( 'NONE',  ( 0.000000000000000000, 0.000000000000000000, 1.000000000000000000 ) ) ;
#1731 = DIRECTION ( 'NONE',  ( -1.000000000000000000, 0.000000000000000000, 0.000000000000000000 ) ) ;
#1732 = CARTESIAN_POINT ( 'NONE',  ( 26.00000000000000355, 0.000000000000000000, 2.500000000000000000 ) ) ;
#1733 = VERTEX_POINT ( 'NONE', #930 ) ;
#1734 = VERTEX_POINT ( 'NONE', #1620 ) ;
#1735 = CARTESIAN_POINT ( 'NONE',  ( 9.751757831308918156, -84.09710207366329371, -2.500000000000000000 ) ) ;
#1736 = ORIENTED_EDGE ( 'NONE', *, *, #1034, .F. ) ;
#1737 = DIRECTION ( 'NONE',  ( 1.000000000000000000, 0.000000000000000000, 0.000000000000000000 ) ) ;
#1738 = EDGE_CURVE ( 'NONE', #1349, #1210, #499, .T. ) ;
#1739 = VERTEX_POINT ( 'NONE', #183 ) ;
#1740 = LINE ( 'NONE', #86, #988 ) ;
#1741 = DIRECTION ( 'NONE',  ( 1.000000000000000000, 0.000000000000000000, 0.000000000000000000 ) ) ;
#1742 = DIRECTION ( 'NONE',  ( -0.000000000000000000, -0.000000000000000000, -1.000000000000000000 ) ) ;
#1743 = DIRECTION ( 'NONE',  ( -0.000000000000000000, -0.000000000000000000, 1.000000000000000000 ) ) ;
#1744 = ORIENTED_EDGE ( 'NONE', *, *, #2023, .F. ) ;
#1745 = AXIS2_PLACEMENT_3D ( 'NONE', #997, #262, #1170 ) ;
#1746 = VECTOR ( 'NONE', #1345, 1000.000000000000000 ) ;
#1747 = ORIENTED_EDGE ( 'NONE', *, *, #1738, .F. ) ;
#1748 = AXIS2_PLACEMENT_3D ( 'NONE', #1808, #1600, #522 ) ;
#1749 = AXIS2_PLACEMENT_3D ( 'NONE', #1046, #152, #869 ) ;
#1750 = CIRCLE ( 'NONE', #1854, 4.999999999999984013 ) ;
#1751 = ORIENTED_EDGE ( 'NONE', *, *, #1053, .T. ) ;
#1752 = FACE_OUTER_BOUND ( 'NONE', #2322, .T. ) ;
#1753 = EDGE_CURVE ( 'NONE', #2301, #731, #539, .T. ) ;
#1754 = CARTESIAN_POINT ( 'NONE',  ( 0.000000000000000000, 0.000000000000000000, 2.500000000000000000 ) ) ;
#1755 = DIRECTION ( 'NONE',  ( 0.000000000000000000, 0.000000000000000000, 1.000000000000000000 ) ) ;
#1756 = EDGE_LOOP ( 'NONE', ( #1958, #682, #1247, #1059, #83, #963, #2037 ) ) ;
#1757 = VERTEX_POINT ( 'NONE', #1249 ) ;
#1758 = APPROVAL_DATE_TIME ( #1439, #1023 ) ;
#1759 = ORIENTED_EDGE ( 'NONE', *, *, #745, .F. ) ;
#1760 = DIRECTION ( 'NONE',  ( 1.000000000000000000, 0.000000000000000000, 0.000000000000000000 ) ) ;
#1761 = EDGE_CURVE ( 'NONE', #1803, #1461, #767, .T. ) ;
#1762 = DIRECTION ( 'NONE',  ( 1.000000000000000000, 0.000000000000000000, 0.000000000000000000 ) ) ;
#1763 = EDGE_CURVE ( 'NONE', #74, #299, #1820, .T. ) ;
#1764 = CARTESIAN_POINT ( 'NONE',  ( 56.04057741962381556, 65.72459823307636384, 2.500000000000000000 ) ) ;
#1765 = CARTESIAN_POINT ( 'NONE',  ( -40.00000000000000711, 3.672178639781027916E-13, -2.500000000000000000 ) ) ;
#1766 = EDGE_LOOP ( 'NONE', ( #1987, #2029, #819, #1484 ) ) ;
#1767 = APPLICATION_PROTOCOL_DEFINITION ( 'international standard', 'config_control_design', 1994, #654 ) ;
#1768 = ORIENTED_EDGE ( 'NONE', *, *, #1918, .T. ) ;
#1769 = DIRECTION ( 'NONE',  ( 1.000000000000000000, 0.000000000000000000, 0.000000000000000000 ) ) ;
#1770 = DIRECTION ( 'NONE',  ( 0.000000000000000000, 0.000000000000000000, 1.000000000000000000 ) ) ;
#1771 = ORIENTED_EDGE ( 'NONE', *, *, #862, .T. ) ;
#1772 = CARTESIAN_POINT ( 'NONE',  ( 84.81864188487945455, 28.22062659903214765, 2.500000000000000000 ) ) ;
#1773 = ADVANCED_FACE ( 'NONE', ( #2148 ), #389, .F. ) ;
#1774 = LINE ( 'NONE', #1073, #92 ) ;
#1775 = ORIENTED_EDGE ( 'NONE', *, *, #439, .T. ) ;
#1776 = VECTOR ( 'NONE', #488, 1000.000000000000000 ) ;
#1777 = DATE_AND_TIME ( #1228, #98 ) ;
#1778 = LINE ( 'NONE', #359, #1139 ) ;
#1779 = ORIENTED_EDGE ( 'NONE', *, *, #555, .F. ) ;
#1780 = CIRCLE ( 'NONE', #614, 4.999999999999990230 ) ;
#1781 = CIRCLE ( 'NONE', #1968, 149.9999999999999716 ) ;
#1782 = CARTESIAN_POINT ( 'NONE',  ( -16.62651314358351584, -80.66565651762903144, 2.500000000000000000 ) ) ;
#1783 = VECTOR ( 'NONE', #1954, 1000.000000000000000 ) ;
#1784 = AXIS2_PLACEMENT_3D ( 'NONE', #316, #826, #1543 ) ;
#1785 = DIRECTION ( 'NONE',  ( 0.000000000000000000, 0.000000000000000000, 1.000000000000000000 ) ) ;
#1786 = CIRCLE ( 'NONE', #813, 4.999999999999984013 ) ;
#1787 = AXIS2_PLACEMENT_3D ( 'NONE', #693, #1412, #867 ) ;
#1788 = ORIENTED_EDGE ( 'NONE', *, *, #1924, .T. ) ;
#1789 = CARTESIAN_POINT ( 'NONE',  ( -13.20207830402540772, -45.18056885347895957, 2.500000000000000000 ) ) ;
#1790 = ORIENTED_EDGE ( 'NONE', *, *, #1592, .F. ) ;
#1791 = FACE_OUTER_BOUND ( 'NONE', #1725, .T. ) ;
#1792 = EDGE_CURVE ( 'NONE', #747, #1283, #2298, .T. ) ;
#1793 = ORIENTED_EDGE ( 'NONE', *, *, #406, .F. ) ;
#1794 = DIRECTION ( 'NONE',  ( -0.000000000000000000, -0.000000000000000000, 1.000000000000000000 ) ) ;
#1795 = ORIENTED_EDGE ( 'NONE', *, *, #608, .F. ) ;
#1796 = CARTESIAN_POINT ( 'NONE',  ( 30.25842680932960960, 75.70274575270639161, 2.500000000000000000 ) ) ;
#1797 = EDGE_CURVE ( 'NONE', #45, #780, #1778, .T. ) ;
#1798 = CYLINDRICAL_SURFACE ( 'NONE', #1852, 5.000000000000000000 ) ;
#1799 = ORIENTED_EDGE ( 'NONE', *, *, #715, .F. ) ;
#1800 = EDGE_CURVE ( 'NONE', #895, #74, #39, .T. ) ;
#1801 = DIRECTION ( 'NONE',  ( -0.000000000000000000, -0.000000000000000000, 1.000000000000000000 ) ) ;
#1802 = FACE_BOUND ( 'NONE', #1708, .T. ) ;
#1803 = VERTEX_POINT ( 'NONE', #255 ) ;
#1804 = CARTESIAN_POINT ( 'NONE',  ( -2.444036937190194106E-13, -35.00000000000000711, -2.500000000000000000 ) ) ;
#1805 = ORIENTED_EDGE ( 'NONE', *, *, #109, .T. ) ;
#1806 = DIRECTION ( 'NONE',  ( 1.000000000000000000, 0.000000000000000000, 0.000000000000000000 ) ) ;
#1807 = ADVANCED_FACE ( 'NONE', ( #2221 ), #964, .F. ) ;
#1808 = CARTESIAN_POINT ( 'NONE',  ( 0.000000000000000000, 0.000000000000000000, 2.500000000000000000 ) ) ;
#1809 = VERTEX_POINT ( 'NONE', #1837 ) ;
#1810 = CARTESIAN_POINT ( 'NONE',  ( -74.65180623609366251, -32.44580308592774287, 2.500000000000000000 ) ) ;
#1811 = EDGE_LOOP ( 'NONE', ( #2038, #460, #2131, #699 ) ) ;
#1812 = CARTESIAN_POINT ( 'NONE',  ( 64.29131269437159801, 150.5837149194496476, 2.500000000000000000 ) ) ;
#1813 = VERTEX_POINT ( 'NONE', #1152 ) ;
#1814 = DIRECTION ( 'NONE',  ( 0.000000000000000000, 0.000000000000000000, 1.000000000000000000 ) ) ;
#1815 = LINE ( 'NONE', #906, #2046 ) ;
#1816 = CARTESIAN_POINT ( 'NONE',  ( 27.70233488333854410, 80.00000000000000000, -2.500000000000000000 ) ) ;
#1817 = VECTOR ( 'NONE', #31, 1000.000000000000000 ) ;
#1818 = EDGE_CURVE ( 'NONE', #1616, #2214, #1884, .T. ) ;
#1819 = CARTESIAN_POINT ( 'NONE',  ( -45.27439531000447204, 71.53774169836563601, -2.500000000000000000 ) ) ;
#1820 = CIRCLE ( 'NONE', #808, 200.0000000000000000 ) ;
#1821 = CIRCLE ( 'NONE', #1325, 149.9999999999999716 ) ;
#1822 = AXIS2_PLACEMENT_3D ( 'NONE', #1401, #505, #1943 ) ;
#1823 = DIRECTION ( 'NONE',  ( 0.000000000000000000, 0.000000000000000000, 1.000000000000000000 ) ) ;
#1824 = VECTOR ( 'NONE', #1502, 1000.000000000000000 ) ;
#1825 = DIRECTION ( 'NONE',  ( 0.000000000000000000, 0.000000000000000000, 1.000000000000000000 ) ) ;
#1826 = ORIENTED_EDGE ( 'NONE', *, *, #1552, .F. ) ;
#1827 = DIRECTION ( 'NONE',  ( -1.000000000000000000, 0.000000000000000000, 0.000000000000000000 ) ) ;
#1828 = CARTESIAN_POINT ( 'NONE',  ( -100.0000000000000000, 0.000000000000000000, 2.500000000000000000 ) ) ;
#1829 = CARTESIAN_POINT ( 'NONE',  ( 52.15431891694791489, -145.1906093488465217, -2.500000000000000000 ) ) ;
#1830 = DIRECTION ( 'NONE',  ( -0.000000000000000000, -0.000000000000000000, 1.000000000000000000 ) ) ;
#1831 = EDGE_CURVE ( 'NONE', #1303, #340, #1103, .T. ) ;
#1832 = CLOSED_SHELL ( 'NONE', ( #465, #1535, #1383, #195, #197, #1129, #1877, #1235, #729, #2300, #1773, #1636, #2275, #1569, #1449, #569, #2179, #1193, #1727, #1322, #1607, #325, #2152, #372, #1807, #2072, #852, #915, #66, #128, #521, #1473, #443, #2244, #192, #1940, #1653, #800, #968, #1457, #2107, #1003, #1373, #1244, #1477, #1042, #1704, #1099, #1343, #2117, #46, #2142, #114, #24, #1171, #548, #545, #2290, #251, #592, #831, #1187, #349, #960 ) ) ;
#1833 = CARTESIAN_POINT ( 'NONE',  ( 31.79739643157899920, -40.18299414312765805, -2.500000000000000000 ) ) ;
#1834 = DIRECTION ( 'NONE',  ( -0.000000000000000000, -0.000000000000000000, 1.000000000000000000 ) ) ;
#1835 = DIRECTION ( 'NONE',  ( -0.000000000000000000, -0.000000000000000000, -1.000000000000000000 ) ) ;
#1836 = ORIENTED_EDGE ( 'NONE', *, *, #2011, .F. ) ;
#1837 = CARTESIAN_POINT ( 'NONE',  ( -21.97398116099041587, -83.53091213652938052, 2.500000000000000000 ) ) ;
#1838 = DIRECTION ( 'NONE',  ( 1.000000000000000000, 0.000000000000000000, 0.000000000000000000 ) ) ;
#1839 = DIRECTION ( 'NONE',  ( -0.000000000000000000, -0.000000000000000000, 1.000000000000000000 ) ) ;
#1840 = DIRECTION ( 'NONE',  ( 1.000000000000000000, 0.000000000000000000, 0.000000000000000000 ) ) ;
#1841 = DIRECTION ( 'NONE',  ( -1.000000000000000000, 0.000000000000000000, 0.000000000000000000 ) ) ;
#1842 = VERTEX_POINT ( 'NONE', #1341 ) ;
#1843 = EDGE_CURVE ( 'NONE', #459, #1572, #390, .T. ) ;
#1844 = EDGE_LOOP ( 'NONE', ( #190, #1505, #1402, #332 ) ) ;
#1845 = DIRECTION ( 'NONE',  ( 1.000000000000000000, 0.000000000000000000, 0.000000000000000000 ) ) ;
#1846 = FACE_BOUND ( 'NONE', #307, .T. ) ;
#1847 = EDGE_CURVE ( 'NONE', #1659, #547, #2008, .T. ) ;
#1848 = DIRECTION ( 'NONE',  ( -0.000000000000000000, -0.000000000000000000, -1.000000000000000000 ) ) ;
#1849 = AXIS2_PLACEMENT_3D ( 'NONE', #2276, #1541, #2250 ) ;
#1850 = AXIS2_PLACEMENT_3D ( 'NONE', #102, #833, #1540 ) ;
#1851 = FACE_OUTER_BOUND ( 'NONE', #1870, .T. ) ;
#1852 = AXIS2_PLACEMENT_3D ( 'NONE', #2309, #1990, #1445 ) ;
#1853 = AXIS2_PLACEMENT_3D ( 'NONE', #1149, #252, #1173 ) ;
#1854 = AXIS2_PLACEMENT_3D ( 'NONE', #742, #224, #772 ) ;
#1855 = VECTOR ( 'NONE', #1068, 1000.000000000000000 ) ;
#1856 = CARTESIAN_POINT ( 'NONE',  ( 10.29129054259028742, 0.09683924160320753205, 2.500000000000000000 ) ) ;
#1857 = ORIENTED_EDGE ( 'NONE', *, *, #230, .T. ) ;
#1858 = ORIENTED_EDGE ( 'NONE', *, *, #885, .T. ) ;
#1859 = LOCAL_TIME ( 21, 4, 8.000000000000000000, #887 ) ;
#1860 = EDGE_CURVE ( 'NONE', #895, #108, #1290, .T. ) ;
#1861 = DIRECTION ( 'NONE',  ( 1.000000000000000000, 0.000000000000000000, 0.000000000000000000 ) ) ;
#1862 = VERTEX_POINT ( 'NONE', #953 ) ;
#1863 = DIRECTION ( 'NONE',  ( 1.000000000000000000, 0.000000000000000000, 0.000000000000000000 ) ) ;
#1864 = EDGE_LOOP ( 'NONE', ( #1438, #2033, #1126, #1633 ) ) ;
#1865 = DIRECTION ( 'NONE',  ( 0.000000000000000000, 0.000000000000000000, 1.000000000000000000 ) ) ;
#1866 = EDGE_CURVE ( 'NONE', #766, #803, #1507, .T. ) ;
#1867 = CYLINDRICAL_SURFACE ( 'NONE', #461, 149.9999999999999716 ) ;
#1868 = AXIS2_PLACEMENT_3D ( 'NONE', #2022, #923, #413 ) ;
#1869 = LINE ( 'NONE', #2207, #2303 ) ;
#1870 = EDGE_LOOP ( 'NONE', ( #761, #1378, #2313, #1215 ) ) ;
#1871 = ORIENTED_EDGE ( 'NONE', *, *, #1831, .F. ) ;
#1872 = CARTESIAN_POINT ( 'NONE',  ( -2.444036937190194106E-13, -35.00000000000000711, -2.500000000000000000 ) ) ;
#1873 = VERTEX_POINT ( 'NONE', #401 ) ;
#1874 = CARTESIAN_POINT ( 'NONE',  ( -2.195616303519532853, -10.05481516082925175, -2.500000000000000000 ) ) ;
#1875 = ORIENTED_EDGE ( 'NONE', *, *, #676, .F. ) ;
#1876 = DIRECTION ( 'NONE',  ( 1.000000000000000000, 0.000000000000000000, 0.000000000000000000 ) ) ;
#1877 = ADVANCED_FACE ( 'NONE', ( #268 ), #1496, .F. ) ;
#1878 = CARTESIAN_POINT ( 'NONE',  ( 29.12643702666467505, 84.79290445193451831, 2.500000000000000000 ) ) ;
#1879 = DIRECTION ( 'NONE',  ( 0.000000000000000000, 0.000000000000000000, 1.000000000000000000 ) ) ;
#1880 = DIRECTION ( 'NONE',  ( -1.000000000000000000, 0.000000000000000000, 0.000000000000000000 ) ) ;
#1881 = CARTESIAN_POINT ( 'NONE',  ( 0.000000000000000000, 0.000000000000000000, 2.500000000000000000 ) ) ;
#1882 = EDGE_LOOP ( 'NONE', ( #828, #1549, #1907, #1768, #861, #2266, #1583 ) ) ;
#1883 = ORIENTED_EDGE ( 'NONE', *, *, #1518, .F. ) ;
#1884 = LINE ( 'NONE', #436, #162 ) ;
#1885 = CARTESIAN_POINT ( 'NONE',  ( 53.18124698980923881, 61.62286329610930125, -2.500000000000000000 ) ) ;
#1886 = ORIENTED_EDGE ( 'NONE', *, *, #555, .T. ) ;
#1887 = FACE_OUTER_BOUND ( 'NONE', #647, .T. ) ;
#1888 = EDGE_CURVE ( 'NONE', #1739, #2294, #737, .T. ) ;
#1889 = DIRECTION ( 'NONE',  ( -1.000000000000000000, 0.000000000000000000, 0.000000000000000000 ) ) ;
#1890 = DIRECTION ( 'NONE',  ( 1.000000000000000000, 0.000000000000000000, 0.000000000000000000 ) ) ;
#1891 = AXIS2_PLACEMENT_3D ( 'NONE', #1570, #1718, #1880 ) ;
#1892 = CIRCLE ( 'NONE', #690, 79.99999999999997158 ) ;
#1893 = DIRECTION ( 'NONE',  ( 0.000000000000000000, 0.000000000000000000, 1.000000000000000000 ) ) ;
#1894 = ORIENTED_EDGE ( 'NONE', *, *, #564, .T. ) ;
#1895 = ORIENTED_EDGE ( 'NONE', *, *, #37, .F. ) ;
#1896 = AXIS2_PLACEMENT_3D ( 'NONE', #934, #776, #423 ) ;
#1897 = AXIS2_PLACEMENT_3D ( 'NONE', #1237, #1953, #339 ) ;
#1898 = EDGE_CURVE ( 'NONE', #2320, #1606, #1067, .T. ) ;
#1899 = CIRCLE ( 'NONE', #1371, 4.999999999999997335 ) ;
#1900 = CIRCLE ( 'NONE', #2305, 200.0000000000000000 ) ;
#1901 = DIRECTION ( 'NONE',  ( 0.000000000000000000, 0.000000000000000000, 1.000000000000000000 ) ) ;
#1902 = ORIENTED_EDGE ( 'NONE', *, *, #1074, .T. ) ;
#1903 = LINE ( 'NONE', #1729, #1706 ) ;
#1904 = CARTESIAN_POINT ( 'NONE',  ( -5.000000000000000000, 35.00000000000000711, 2.500000000000000000 ) ) ;
#1905 = CARTESIAN_POINT ( 'NONE',  ( 31.49777569314243664, 34.97811887243307183, -2.500000000000000000 ) ) ;
#1906 = CARTESIAN_POINT ( 'NONE',  ( -2.444036937190194106E-13, -35.00000000000000711, -2.500000000000000000 ) ) ;
#1907 = ORIENTED_EDGE ( 'NONE', *, *, #1995, .T. ) ;
#1908 = EDGE_LOOP ( 'NONE', ( #514, #607 ) ) ;
#1909 = EDGE_CURVE ( 'NONE', #836, #447, #1165, .T. ) ;
#1910 = CARTESIAN_POINT ( 'NONE',  ( 81.33665971299839725, -3.157546347082156757, 2.500000000000000000 ) ) ;
#1911 = ORIENTED_EDGE ( 'NONE', *, *, #396, .F. ) ;
#1912 = CARTESIAN_POINT ( 'NONE',  ( -89.14821127515048715, 9.527980148189429954, 2.500000000000000000 ) ) ;
#1913 = DIRECTION ( 'NONE',  ( -0.000000000000000000, 0.000000000000000000, 1.000000000000000000 ) ) ;
#1914 = CARTESIAN_POINT ( 'NONE',  ( 40.00000000000000711, -1.222018468595097053E-13, -2.500000000000000000 ) ) ;
#1915 = DIRECTION ( 'NONE',  ( -0.000000000000000000, -0.000000000000000000, 1.000000000000000000 ) ) ;
#1916 = CARTESIAN_POINT ( 'NONE',  ( 32.70233488333852989, 80.00000000000000000, -2.500000000000000000 ) ) ;
#1917 = ORIENTED_EDGE ( 'NONE', *, *, #868, .T. ) ;
#1918 = EDGE_CURVE ( 'NONE', #1174, #160, #990, .T. ) ;
#1919 = DIRECTION ( 'NONE',  ( 0.000000000000000000, 0.000000000000000000, 1.000000000000000000 ) ) ;
#1920 = EDGE_LOOP ( 'NONE', ( #1582, #1736, #1495, #1894 ) ) ;
#1921 = FACE_OUTER_BOUND ( 'NONE', #1465, .T. ) ;
#1922 = ORIENTED_EDGE ( 'NONE', *, *, #758, .F. ) ;
#1923 = CARTESIAN_POINT ( 'NONE',  ( 86.32628858259199944, -2.835670992763411391, -2.500000000000000000 ) ) ;
#1924 = EDGE_CURVE ( 'NONE', #510, #459, #468, .T. ) ;
#1925 = CYLINDRICAL_SURFACE ( 'NONE', #911, 79.99999999999998579 ) ;
#1926 = FACE_OUTER_BOUND ( 'NONE', #1559, .T. ) ;
#1927 = LINE ( 'NONE', #2241, #1933 ) ;
#1928 = ORIENTED_EDGE ( 'NONE', *, *, #1888, .F. ) ;
#1929 = VECTOR ( 'NONE', #550, 1000.000000000000000 ) ;
#1930 = CIRCLE ( 'NONE', #88, 200.0000000000000000 ) ;
#1931 = DIRECTION ( 'NONE',  ( 0.000000000000000000, 0.000000000000000000, 1.000000000000000000 ) ) ;
#1932 = VERTEX_POINT ( 'NONE', #1120 ) ;
#1933 = VECTOR ( 'NONE', #1348, 1000.000000000000000 ) ;
#1934 = EDGE_CURVE ( 'NONE', #1951, #1616, #167, .T. ) ;
#1935 =( NAMED_UNIT ( * ) SI_UNIT ( $, .STERADIAN. ) SOLID_ANGLE_UNIT ( ) );
#1936 = AXIS2_PLACEMENT_3D ( 'NONE', #1952, #1603, #1963 ) ;
#1937 = ORIENTED_EDGE ( 'NONE', *, *, #1524, .T. ) ;
#1938 = DIRECTION ( 'NONE',  ( -0.000000000000000000, -0.000000000000000000, 1.000000000000000000 ) ) ;
#1939 = AXIS2_PLACEMENT_3D ( 'NONE', #2097, #1203, #1004 ) ;
#1940 = ADVANCED_FACE ( 'NONE', ( #411 ), #62, .T. ) ;
#1941 = CARTESIAN_POINT ( 'NONE',  ( 84.45379864103205136, 30.09554575619407402, -2.500000000000000000 ) ) ;
#1942 = FACE_OUTER_BOUND ( 'NONE', #839, .T. ) ;
#1943 = DIRECTION ( 'NONE',  ( 1.000000000000000000, 0.000000000000000000, 0.000000000000000000 ) ) ;
#1944 = ORIENTED_EDGE ( 'NONE', *, *, #1592, .T. ) ;
#1945 = PERSON_AND_ORGANIZATION ( #1019, #2094 ) ;
#1946 = EDGE_LOOP ( 'NONE', ( #728, #552 ) ) ;
#1947 = CARTESIAN_POINT ( 'NONE',  ( -161.1144297410311026, 29.17136637406458277, -2.500000000000000000 ) ) ;
#1948 = CARTESIAN_POINT ( 'NONE',  ( 52.70048843394035742, -63.29334561830318506, -2.500000000000000000 ) ) ;
#1949 = EDGE_CURVE ( 'NONE', #1629, #949, #1327, .T. ) ;
#1950 = DIRECTION ( 'NONE',  ( -0.000000000000000000, -0.000000000000000000, 1.000000000000000000 ) ) ;
#1951 = VERTEX_POINT ( 'NONE', #1381 ) ;
#1952 = CARTESIAN_POINT ( 'NONE',  ( 7.411354065256101187, -163.5661943001271936, -2.500000000000000000 ) ) ;
#1953 = DIRECTION ( 'NONE',  ( 0.000000000000000000, 0.000000000000000000, 1.000000000000000000 ) ) ;
#1954 = DIRECTION ( 'NONE',  ( -0.000000000000000000, -0.000000000000000000, 1.000000000000000000 ) ) ;
#1955 = ORIENTED_EDGE ( 'NONE', *, *, #1260, .F. ) ;
#1956 = SECURITY_CLASSIFICATION_LEVEL ( 'unclassified' ) ;
#1957 = DIRECTION ( 'NONE',  ( 1.000000000000000000, 0.000000000000000000, 0.000000000000000000 ) ) ;
#1958 = ORIENTED_EDGE ( 'NONE', *, *, #2189, .T. ) ;
#1959 = FACE_OUTER_BOUND ( 'NONE', #974, .T. ) ;
#1960 = FACE_OUTER_BOUND ( 'NONE', #1621, .T. ) ;
#1961 = ORIENTED_EDGE ( 'NONE', *, *, #2011, .T. ) ;
#1962 = EDGE_CURVE ( 'NONE', #663, #1640, #2163, .T. ) ;
#1963 = DIRECTION ( 'NONE',  ( 1.000000000000000000, 0.000000000000000000, 0.000000000000000000 ) ) ;
#1964 = CARTESIAN_POINT ( 'NONE',  ( -35.00000000000000711, 3.666055405785290907E-13, -2.500000000000000000 ) ) ;
#1965 = VERTEX_POINT ( 'NONE', #306 ) ;
#1966 = EDGE_CURVE ( 'NONE', #810, #889, #1637, .T. ) ;
#1967 = VECTOR ( 'NONE', #631, 1000.000000000000000 ) ;
#1968 = AXIS2_PLACEMENT_3D ( 'NONE', #1419, #2307, #1806 ) ;
#1969 = COORDINATED_UNIVERSAL_TIME_OFFSET ( 5, 30, .AHEAD. ) ;
#1970 = CARTESIAN_POINT ( 'NONE',  ( 6.492226669093978053, -7.985676661863260861, 2.500000000000000000 ) ) ;
#1971 = ORIENTED_EDGE ( 'NONE', *, *, #2054, .T. ) ;
#1972 = AXIS2_PLACEMENT_3D ( 'NONE', #904, #15, #1110 ) ;
#1973 = AXIS2_PLACEMENT_3D ( 'NONE', #1964, #746, #2135 ) ;
#1974 = CARTESIAN_POINT ( 'NONE',  ( -59.66964042750034025, -60.05791679072336819, 2.500000000000000000 ) ) ;
#1975 = VECTOR ( 'NONE', #215, 1000.000000000000000 ) ;
#1976 = CIRCLE ( 'NONE', #135, 79.99999999999998579 ) ;
#1977 = DIRECTION ( 'NONE',  ( -0.000000000000000000, -0.000000000000000000, -1.000000000000000000 ) ) ;
#1978 = LOCAL_TIME ( 21, 4, 8.000000000000000000, #1969 ) ;
#1979 = CIRCLE ( 'NONE', #1216, 26.00000000000000355 ) ;
#1980 = VERTEX_POINT ( 'NONE', #674 ) ;
#1981 = CYLINDRICAL_SURFACE ( 'NONE', #206, 79.99999999999998579 ) ;
#1982 = CARTESIAN_POINT ( 'NONE',  ( 82.34294732665532024, 1.740145480564836422, 2.500000000000000000 ) ) ;
#1983 = EDGE_CURVE ( 'NONE', #2253, #510, #134, .T. ) ;
#1984 = ORIENTED_EDGE ( 'NONE', *, *, #1649, .T. ) ;
#1985 = APPROVAL_DATE_TIME ( #1264, #1400 ) ;
#1986 = LINE ( 'NONE', #1458, #1519 ) ;
#1987 = ORIENTED_EDGE ( 'NONE', *, *, #165, .F. ) ;
#1988 = LINE ( 'NONE', #688, #538 ) ;
#1989 = CIRCLE ( 'NONE', #2157, 4.999999999999990230 ) ;
#1990 = DIRECTION ( 'NONE',  ( -0.000000000000000000, -0.000000000000000000, 1.000000000000000000 ) ) ;
#1991 = ORIENTED_EDGE ( 'NONE', *, *, #496, .T. ) ;
#1992 = DIRECTION ( 'NONE',  ( 0.000000000000000000, 0.000000000000000000, 1.000000000000000000 ) ) ;
#1993 = FACE_BOUND ( 'NONE', #1081, .T. ) ;
#1994 = VERTEX_POINT ( 'NONE', #2291 ) ;
#1995 = EDGE_CURVE ( 'NONE', #242, #1174, #2229, .T. ) ;
#1996 = DIRECTION ( 'NONE',  ( -0.000000000000000000, -0.000000000000000000, 1.000000000000000000 ) ) ;
#1997 = FACE_BOUND ( 'NONE', #740, .T. ) ;
#1998 = LINE ( 'NONE', #1288, #1232 ) ;
#1999 = EDGE_CURVE ( 'NONE', #725, #854, #2302, .T. ) ;
#2000 = DIRECTION ( 'NONE',  ( -1.000000000000000000, 0.000000000000000000, 0.000000000000000000 ) ) ;
#2001 = CARTESIAN_POINT ( 'NONE',  ( -21.17748955200179140, -78.59475967567382781, 2.500000000000000000 ) ) ;
#2002 = ORIENTED_EDGE ( 'NONE', *, *, #2280, .F. ) ;
#2003 = CARTESIAN_POINT ( 'NONE',  ( 132.5021038489738601, -96.18742413903852650, 2.500000000000000000 ) ) ;
#2004 = DIRECTION ( 'NONE',  ( 0.000000000000000000, 0.000000000000000000, 1.000000000000000000 ) ) ;
#2005 = EDGE_CURVE ( 'NONE', #675, #1316, #769, .T. ) ;
#2006 = EDGE_CURVE ( 'NONE', #158, #60, #878, .T. ) ;
#2007 = DIRECTION ( 'NONE',  ( 1.000000000000000000, 0.000000000000000000, 0.000000000000000000 ) ) ;
#2008 = CIRCLE ( 'NONE', #987, 79.99999999999998579 ) ;
#2009 = AXIS2_PLACEMENT_3D ( 'NONE', #936, #764, #754 ) ;
#2010 = CARTESIAN_POINT ( 'NONE',  ( 81.33665971299839725, -3.157546347082156757, -2.500000000000000000 ) ) ;
#2011 = EDGE_CURVE ( 'NONE', #793, #2056, #994, .T. ) ;
#2012 = AXIS2_PLACEMENT_3D ( 'NONE', #1697, #449, #625 ) ;
#2013 = AXIS2_PLACEMENT_3D ( 'NONE', #884, #916, #1642 ) ;
#2014 = VECTOR ( 'NONE', #1489, 1000.000000000000000 ) ;
#2015 = CARTESIAN_POINT ( 'NONE',  ( -153.1558053961325072, -18.53875125897268816, -2.500000000000000000 ) ) ;
#2016 = CIRCLE ( 'NONE', #850, 100.0000000000000000 ) ;
#2017 = DIRECTION ( 'NONE',  ( -0.000000000000000000, 0.000000000000000000, 1.000000000000000000 ) ) ;
#2018 = CARTESIAN_POINT ( 'NONE',  ( -76.54694696122771802, 40.01042415845081024, -2.500000000000000000 ) ) ;
#2019 = ORIENTED_EDGE ( 'NONE', *, *, #1491, .T. ) ;
#2020 = DIRECTION ( 'NONE',  ( 1.000000000000000000, 0.000000000000000000, 0.000000000000000000 ) ) ;
#2021 = FACE_OUTER_BOUND ( 'NONE', #1811, .T. ) ;
#2022 = CARTESIAN_POINT ( 'NONE',  ( -161.1144297410311026, 29.17136637406458277, -2.500000000000000000 ) ) ;
#2023 = EDGE_CURVE ( 'NONE', #1332, #2301, #53, .T. ) ;
#2024 = CIRCLE ( 'NONE', #1681, 149.9999999999999716 ) ;
#2025 = DIRECTION ( 'NONE',  ( 1.000000000000000000, 0.000000000000000000, 0.000000000000000000 ) ) ;
#2026 = CARTESIAN_POINT ( 'NONE',  ( -35.00000000000000711, 3.666055405785290907E-13, 2.500000000000000000 ) ) ;
#2027 = LINE ( 'NONE', #2018, #18 ) ;
#2028 = ORIENTED_EDGE ( 'NONE', *, *, #2189, .F. ) ;
#2029 = ORIENTED_EDGE ( 'NONE', *, *, #1584, .F. ) ;
#2030 = EDGE_CURVE ( 'NONE', #1338, #433, #352, .T. ) ;
#2031 = DIRECTION ( 'NONE',  ( -1.000000000000000000, 0.000000000000000000, 0.000000000000000000 ) ) ;
#2032 = FACE_BOUND ( 'NONE', #1882, .T. ) ;
#2033 = ORIENTED_EDGE ( 'NONE', *, *, #818, .F. ) ;
#2034 = CARTESIAN_POINT ( 'NONE',  ( -21.97398116099041232, -83.53091213652936631, -2.500000000000000000 ) ) ;
#2035 = EDGE_CURVE ( 'NONE', #1433, #1873, #2130, .T. ) ;
#2036 = DIRECTION ( 'NONE',  ( -0.000000000000000000, -0.000000000000000000, 1.000000000000000000 ) ) ;
#2037 = ORIENTED_EDGE ( 'NONE', *, *, #1214, .T. ) ;
#2038 = ORIENTED_EDGE ( 'NONE', *, *, #644, .F. ) ;
#2039 = CARTESIAN_POINT ( 'NONE',  ( 79.81864188487946876, 28.22062659903214765, 2.500000000000000000 ) ) ;
#2040 = EDGE_CURVE ( 'NONE', #1532, #1182, #94, .T. ) ;
#2041 = ORIENTED_EDGE ( 'NONE', *, *, #1057, .F. ) ;
#2042 = DIRECTION ( 'NONE',  ( 0.000000000000000000, 0.000000000000000000, 1.000000000000000000 ) ) ;
#2043 = ORIENTED_EDGE ( 'NONE', *, *, #608, .T. ) ;
#2044 = DIRECTION ( 'NONE',  ( 1.000000000000000000, 0.000000000000000000, 0.000000000000000000 ) ) ;
#2045 = CIRCLE ( 'NONE', #87, 4.999999999999997335 ) ;
#2046 = VECTOR ( 'NONE', #1467, 1000.000000000000000 ) ;
#2047 = CARTESIAN_POINT ( 'NONE',  ( -43.55495231136465151, -17.84782347022520455, -2.500000000000000000 ) ) ;
#2048 = AXIS2_PLACEMENT_3D ( 'NONE', #1856, #399, #240 ) ;
#2049 = AXIS2_PLACEMENT_3D ( 'NONE', #82, #804, #2211 ) ;
#2050 = CIRCLE ( 'NONE', #883, 4.999999999999997335 ) ;
#2051 = CARTESIAN_POINT ( 'NONE',  ( -63.03227542818886064, -63.75827972591556403, -2.500000000000000000 ) ) ;
#2052 = ORIENTED_EDGE ( 'NONE', *, *, #583, .F. ) ;
#2053 = ORIENTED_EDGE ( 'NONE', *, *, #453, .T. ) ;
#2054 = EDGE_CURVE ( 'NONE', #1303, #97, #1287, .T. ) ;
#2055 = DIRECTION ( 'NONE',  ( -0.000000000000000000, -0.000000000000000000, 1.000000000000000000 ) ) ;
#2056 = VERTEX_POINT ( 'NONE', #751 ) ;
#2057 = CARTESIAN_POINT ( 'NONE',  ( 7.411354065256101187, -163.5661943001271936, -2.500000000000000000 ) ) ;
#2058 = ORIENTED_EDGE ( 'NONE', *, *, #1860, .T. ) ;
#2059 = CYLINDRICAL_SURFACE ( 'NONE', #1850, 4.999999999999990230 ) ;
#2060 = CARTESIAN_POINT ( 'NONE',  ( 146.0322753152504163, -49.74897577871303156, -2.500000000000000000 ) ) ;
#2061 = CARTESIAN_POINT ( 'NONE',  ( -9.314149361652518166, 4.377974479088539539, 2.500000000000000000 ) ) ;
#2062 = DIRECTION ( 'NONE',  ( 1.000000000000000000, 0.000000000000000000, 0.000000000000000000 ) ) ;
#2063 = ORIENTED_EDGE ( 'NONE', *, *, #2030, .F. ) ;
#2064 = EDGE_LOOP ( 'NONE', ( #458, #1779, #1991, #664 ) ) ;
#2065 = CARTESIAN_POINT ( 'NONE',  ( -11.21371651744529352, 49.99999999999998579, -2.500000000000000000 ) ) ;
#2066 = CC_DESIGN_DATE_AND_TIME_ASSIGNMENT ( #855, #331, ( #22 ) ) ;
#2067 = DIRECTION ( 'NONE',  ( -0.000000000000000000, -0.000000000000000000, -1.000000000000000000 ) ) ;
#2068 = ORIENTED_EDGE ( 'NONE', *, *, #1983, .T. ) ;
#2069 = CYLINDRICAL_SURFACE ( 'NONE', #947, 4.999999999999990230 ) ;
#2070 = DIRECTION ( 'NONE',  ( -0.000000000000000000, -0.000000000000000000, 1.000000000000000000 ) ) ;
#2071 = DIRECTION ( 'NONE',  ( -0.000000000000000000, -0.000000000000000000, 1.000000000000000000 ) ) ;
#2072 = ADVANCED_FACE ( 'NONE', ( #941 ), #1654, .F. ) ;
#2073 = CARTESIAN_POINT ( 'NONE',  ( -11.59097748017694762, -49.91389264711434492, -2.500000000000000000 ) ) ;
#2074 = ORIENTED_EDGE ( 'NONE', *, *, #2197, .T. ) ;
#2075 = ORIENTED_EDGE ( 'NONE', *, *, #279, .T. ) ;
#2076 = ORIENTED_EDGE ( 'NONE', *, *, #844, .F. ) ;
#2077 = LINE ( 'NONE', #2272, #1527 ) ;
#2078 = EDGE_LOOP ( 'NONE', ( #757, #886, #475, #2144 ) ) ;
#2079 = CARTESIAN_POINT ( 'NONE',  ( -46.25110893650810340, -22.05861192996704290, 2.500000000000000000 ) ) ;
#2080 = DIRECTION ( 'NONE',  ( -0.000000000000000000, -0.000000000000000000, 1.000000000000000000 ) ) ;
#2081 = EDGE_CURVE ( 'NONE', #1734, #1671, #394, .T. ) ;
#2082 = CARTESIAN_POINT ( 'NONE',  ( 100.0000000000000000, 1.224646799147353217E-14, 2.500000000000000000 ) ) ;
#2083 = AXIS2_PLACEMENT_3D ( 'NONE', #1389, #1915, #489 ) ;
#2084 = CIRCLE ( 'NONE', #1253, 4.999999999999976907 ) ;
#2085 = VECTOR ( 'NONE', #1421, 1000.000000000000000 ) ;
#2086 = CARTESIAN_POINT ( 'NONE',  ( 16.00642679821123693, 153.4411298379074822, 2.500000000000000000 ) ) ;
#2087 = AXIS2_PLACEMENT_3D ( 'NONE', #1262, #198, #1093 ) ;
#2088 = ORIENTED_EDGE ( 'NONE', *, *, #141, .T. ) ;
#2089 = EDGE_LOOP ( 'NONE', ( #1229, #1243, #1494, #1643 ) ) ;
#2090 = AXIS2_PLACEMENT_3D ( 'NONE', #1128, #419, #1313 ) ;
#2091 = AXIS2_PLACEMENT_3D ( 'NONE', #573, #801, #1694 ) ;
#2092 = CARTESIAN_POINT ( 'NONE',  ( 10.54824944029747158, -89.03325453451884641, -2.500000000000000000 ) ) ;
#2093 = DIRECTION ( 'NONE',  ( 0.000000000000000000, 0.000000000000000000, 1.000000000000000000 ) ) ;
#2094 = ORGANIZATION ( 'UNSPECIFIED', 'UNSPECIFIED', '' ) ;
#2095 = AXIS2_PLACEMENT_3D ( 'NONE', #1271, #1451, #1082 ) ;
#2096 = EDGE_LOOP ( 'NONE', ( #892, #1002, #110, #2098 ) ) ;
#2097 = CARTESIAN_POINT ( 'NONE',  ( -46.25110893650810340, -22.05861192996704290, -2.500000000000000000 ) ) ;
#2098 = ORIENTED_EDGE ( 'NONE', *, *, #1380, .F. ) ;
#2099 = LINE ( 'NONE', #495, #1515 ) ;
#2100 = CARTESIAN_POINT ( 'NONE',  ( -11.59097748017694762, -49.91389264711434492, 2.500000000000000000 ) ) ;
#2101 = EDGE_CURVE ( 'NONE', #1037, #1739, #760, .T. ) ;
#2102 = CARTESIAN_POINT ( 'NONE',  ( -2.444036937190194106E-13, -35.00000000000000711, 2.500000000000000000 ) ) ;
#2103 = ORIENTED_EDGE ( 'NONE', *, *, #1589, .T. ) ;
#2104 = EDGE_LOOP ( 'NONE', ( #2282, #1984, #662, #1127 ) ) ;
#2105 = CIRCLE ( 'NONE', #1724, 4.999999999999976907 ) ;
#2106 = ORIENTED_EDGE ( 'NONE', *, *, #1818, .F. ) ;
#2107 = ADVANCED_FACE ( 'NONE', ( #402 ), #1475, .F. ) ;
#2108 = PLANE ( 'NONE',  #428 ) ;
#2109 = EDGE_LOOP ( 'NONE', ( #186, #713, #256, #2140 ) ) ;
#2110 = CARTESIAN_POINT ( 'NONE',  ( -16.62651314358351584, -80.66565651762903144, -2.500000000000000000 ) ) ;
#2111 = CYLINDRICAL_SURFACE ( 'NONE', #1133, 4.999999999999984013 ) ;
#2112 = CARTESIAN_POINT ( 'NONE',  ( 86.32628858259199944, -2.835670992763411391, -2.500000000000000000 ) ) ;
#2113 = ORIENTED_EDGE ( 'NONE', *, *, #301, .F. ) ;
#2114 = EDGE_CURVE ( 'NONE', #502, #933, #277, .T. ) ;
#2115 = EDGE_LOOP ( 'NONE', ( #864, #2076, #1078, #1609 ) ) ;
#2116 = PERSON_AND_ORGANIZATION ( #1019, #2094 ) ;
#2117 = ADVANCED_FACE ( 'NONE', ( #1145 ), #1298, .F. ) ;
#2118 = ORIENTED_EDGE ( 'NONE', *, *, #2081, .F. ) ;
#2119 = DIRECTION ( 'NONE',  ( -0.000000000000000000, -0.000000000000000000, 1.000000000000000000 ) ) ;
#2120 = LINE ( 'NONE', #2133, #2085 ) ;
#2121 = DIRECTION ( 'NONE',  ( -0.000000000000000000, -0.000000000000000000, -1.000000000000000000 ) ) ;
#2122 = ORIENTED_EDGE ( 'NONE', *, *, #1995, .F. ) ;
#2123 = VECTOR ( 'NONE', #405, 1000.000000000000000 ) ;
#2124 = DIRECTION ( 'NONE',  ( -1.000000000000000000, 0.000000000000000000, 0.000000000000000000 ) ) ;
#2125 = ORIENTED_EDGE ( 'NONE', *, *, #1676, .T. ) ;
#2126 = VECTOR ( 'NONE', #1297, 1000.000000000000000 ) ;
#2127 = CIRCLE ( 'NONE', #1853, 79.99999999999998579 ) ;
#2128 = PERSON_AND_ORGANIZATION ( #1019, #2094 ) ;
#2129 = EDGE_CURVE ( 'NONE', #160, #1757, #1482, .T. ) ;
#2130 = CIRCLE ( 'NONE', #1108, 79.99999999999998579 ) ;
#2131 = ORIENTED_EDGE ( 'NONE', *, *, #745, .T. ) ;
#2132 = CARTESIAN_POINT ( 'NONE',  ( 0.000000000000000000, 0.000000000000000000, -2.500000000000000000 ) ) ;
#2133 = CARTESIAN_POINT ( 'NONE',  ( 32.70233488333852989, 80.00000000000000000, -2.500000000000000000 ) ) ;
#2134 = FACE_OUTER_BOUND ( 'NONE', #2209, .T. ) ;
#2135 = DIRECTION ( 'NONE',  ( 1.000000000000000000, 0.000000000000000000, 0.000000000000000000 ) ) ;
#2136 = DIRECTION ( 'NONE',  ( 1.000000000000000000, 0.000000000000000000, 0.000000000000000000 ) ) ;
#2137 = VERTEX_POINT ( 'NONE', #966 ) ;
#2138 = SHAPE_DEFINITION_REPRESENTATION ( #637, #182 ) ;
#2139 = CARTESIAN_POINT ( 'NONE',  ( -35.00000000000000711, 3.666055405785290907E-13, -2.500000000000000000 ) ) ;
#2140 = ORIENTED_EDGE ( 'NONE', *, *, #496, .F. ) ;
#2141 = DIRECTION ( 'NONE',  ( 0.000000000000000000, 0.000000000000000000, 1.000000000000000000 ) ) ;
#2142 = ADVANCED_FACE ( 'NONE', ( #2021 ), #1097, .F. ) ;
#2143 = CARTESIAN_POINT ( 'NONE',  ( 5.000000000000000000, 35.00000000000000711, -2.500000000000000000 ) ) ;
#2144 = ORIENTED_EDGE ( 'NONE', *, *, #1275, .T. ) ;
#2145 = DIRECTION ( 'NONE',  ( 1.000000000000000000, 0.000000000000000000, 0.000000000000000000 ) ) ;
#2146 = FACE_BOUND ( 'NONE', #1294, .T. ) ;
#2147 = ORIENTED_EDGE ( 'NONE', *, *, #245, .F. ) ;
#2148 = FACE_OUTER_BOUND ( 'NONE', #2109, .T. ) ;
#2149 = ORIENTED_EDGE ( 'NONE', *, *, #952, .T. ) ;
#2150 = DIRECTION ( 'NONE',  ( -0.000000000000000000, -0.000000000000000000, 1.000000000000000000 ) ) ;
#2151 = VERTEX_POINT ( 'NONE', #2182 ) ;
#2152 = ADVANCED_FACE ( 'NONE', ( #40 ), #20, .F. ) ;
#2153 = CYLINDRICAL_SURFACE ( 'NONE', #1936, 200.0000000000000000 ) ;
#2154 = FACE_BOUND ( 'NONE', #4, .T. ) ;
#2155 = ORIENTED_EDGE ( 'NONE', *, *, #93, .T. ) ;
#2156 = CIRCLE ( 'NONE', #2270, 79.99999999999998579 ) ;
#2157 = AXIS2_PLACEMENT_3D ( 'NONE', #1333, #1016, #1528 ) ;
#2158 = APPLICATION_PROTOCOL_DEFINITION ( 'international standard', 'config_control_design', 1994, #2289 ) ;
#2159 = CARTESIAN_POINT ( 'NONE',  ( 71.82988354353463478, -44.80945422688039059, -2.500000000000000000 ) ) ;
#2160 = ORIENTED_EDGE ( 'NONE', *, *, #1721, .T. ) ;
#2161 = AXIS2_PLACEMENT_3D ( 'NONE', #1466, #3, #2180 ) ;
#2162 = CARTESIAN_POINT ( 'NONE',  ( -11.21371651744529352, 49.99999999999998579, 2.500000000000000000 ) ) ;
#2163 = CIRCLE ( 'NONE', #319, 4.999999999999985789 ) ;
#2164 = CARTESIAN_POINT ( 'NONE',  ( 6.492226669093978053, -7.985676661863260861, 2.500000000000000000 ) ) ;
#2165 = ORIENTED_EDGE ( 'NONE', *, *, #1800, .F. ) ;
#2166 = FACE_OUTER_BOUND ( 'NONE', #494, .T. ) ;
#2167 = ORIENTED_EDGE ( 'NONE', *, *, #1331, .F. ) ;
#2168 = EDGE_CURVE ( 'NONE', #1722, #1980, #1750, .T. ) ;
#2169 = DIRECTION ( 'NONE',  ( -0.000000000000000000, -0.000000000000000000, 1.000000000000000000 ) ) ;
#2170 = ORIENTED_EDGE ( 'NONE', *, *, #2259, .T. ) ;
#2171 = CARTESIAN_POINT ( 'NONE',  ( 32.70233488333852989, 80.00000000000000000, 2.500000000000000000 ) ) ;
#2172 = CARTESIAN_POINT ( 'NONE',  ( 79.81864188487946876, 28.22062659903214765, -2.500000000000000000 ) ) ;
#2173 = FACE_BOUND ( 'NONE', #410, .T. ) ;
#2174 = ORIENTED_EDGE ( 'NONE', *, *, #1408, .F. ) ;
#2175 = LINE ( 'NONE', #584, #2123 ) ;
#2176 = FACE_OUTER_BOUND ( 'NONE', #477, .T. ) ;
#2177 = EDGE_CURVE ( 'NONE', #817, #269, #849, .T. ) ;
#2178 = VERTEX_POINT ( 'NONE', #922 ) ;
#2179 = ADVANCED_FACE ( 'NONE', ( #2032, #412, #1130, #1646, #1677, #1846, #955, #63, #784, #2173, #559, #1997, #204 ), #2108, .F. ) ;
#2180 = DIRECTION ( 'NONE',  ( 1.000000000000000000, 0.000000000000000000, 0.000000000000000000 ) ) ;
#2181 = CARTESIAN_POINT ( 'NONE',  ( -15.02072941644549964, 79.99999999999998579, 2.500000000000000000 ) ) ;
#2182 = CARTESIAN_POINT ( 'NONE',  ( 52.70048843394035742, -63.29334561830318506, -2.500000000000000000 ) ) ;
#2183 = ORIENTED_EDGE ( 'NONE', *, *, #209, .F. ) ;
#2184 = DIRECTION ( 'NONE',  ( 0.000000000000000000, 0.000000000000000000, 1.000000000000000000 ) ) ;
#2185 = DIRECTION ( 'NONE',  ( 1.000000000000000000, 0.000000000000000000, 0.000000000000000000 ) ) ;
#2186 = ORIENTED_EDGE ( 'NONE', *, *, #885, .F. ) ;
#2187 = CARTESIAN_POINT ( 'NONE',  ( -79.00765002772304513, -34.90072159026215814, -2.500000000000000000 ) ) ;
#2188 = AXIS2_PLACEMENT_3D ( 'NONE', #1172, #643, #1890 ) ;
#2189 = EDGE_CURVE ( 'NONE', #1446, #1707, #956, .T. ) ;
#2190 = CARTESIAN_POINT ( 'NONE',  ( 79.81864188487946876, 28.22062659903214765, -2.500000000000000000 ) ) ;
#2191 = AXIS2_PLACEMENT_3D ( 'NONE', #1644, #30, #1077 ) ;
#2192 = AXIS2_PLACEMENT_3D ( 'NONE', #2181, #1459, #558 ) ;
#2193 = LINE ( 'NONE', #235, #823 ) ;
#2194 = VECTOR ( 'NONE', #1135, 1000.000000000000000 ) ;
#2195 = CARTESIAN_POINT ( 'NONE',  ( -41.11005886913316232, 22.92469701535839022, 2.500000000000000000 ) ) ;
#2196 = CIRCLE ( 'NONE', #1487, 200.0000000000000000 ) ;
#2197 = EDGE_CURVE ( 'NONE', #972, #1191, #170, .T. ) ;
#2198 = CARTESIAN_POINT ( 'NONE',  ( 76.18572733516401740, -47.26437273121482718, -2.500000000000000000 ) ) ;
#2199 = EDGE_LOOP ( 'NONE', ( #1045, #1360, #2041, #72 ) ) ;
#2200 = ORIENTED_EDGE ( 'NONE', *, *, #899, .T. ) ;
#2201 = DIRECTION ( 'NONE',  ( 1.000000000000000000, 0.000000000000000000, 0.000000000000000000 ) ) ;
#2202 = DIRECTION ( 'NONE',  ( -0.000000000000000000, -0.000000000000000000, 1.000000000000000000 ) ) ;
#2203 = EDGE_CURVE ( 'NONE', #299, #1700, #1786, .T. ) ;
#2204 = FACE_OUTER_BOUND ( 'NONE', #1920, .T. ) ;
#2205 = DIRECTION ( 'NONE',  ( 1.000000000000000000, 0.000000000000000000, 0.000000000000000000 ) ) ;
#2206 = EDGE_CURVE ( 'NONE', #1606, #45, #1673, .T. ) ;
#2207 = CARTESIAN_POINT ( 'NONE',  ( 51.21021205287190980, 4.806419495824894028, -2.500000000000000000 ) ) ;
#2208 = ORIENTED_EDGE ( 'NONE', *, *, #474, .F. ) ;
#2209 = EDGE_LOOP ( 'NONE', ( #2242, #258, #2122, #283 ) ) ;
#2210 = EDGE_CURVE ( 'NONE', #640, #1733, #1899, .T. ) ;
#2211 = DIRECTION ( 'NONE',  ( -1.000000000000000000, 0.000000000000000000, 0.000000000000000000 ) ) ;
#2212 = ORIENTED_EDGE ( 'NONE', *, *, #676, .T. ) ;
#2213 = CARTESIAN_POINT ( 'NONE',  ( -35.00000000000000711, 3.666055405785290907E-13, 2.500000000000000000 ) ) ;
#2214 = VERTEX_POINT ( 'NONE', #451 ) ;
#2215 = CARTESIAN_POINT ( 'NONE',  ( -60.10809093556058258, -55.07717777407319915, -2.500000000000000000 ) ) ;
#2216 = DIRECTION ( 'NONE',  ( -1.000000000000000000, 0.000000000000000000, 0.000000000000000000 ) ) ;
#2217 = EDGE_CURVE ( 'NONE', #1195, #810, #773, .T. ) ;
#2218 = CARTESIAN_POINT ( 'NONE',  ( 30.00000000000000355, -1.215895234599360296E-13, 2.500000000000000000 ) ) ;
#2219 = VERTEX_POINT ( 'NONE', #1155 ) ;
#2220 = ORIENTED_EDGE ( 'NONE', *, *, #122, .F. ) ;
#2221 = FACE_OUTER_BOUND ( 'NONE', #909, .T. ) ;
#2222 = EDGE_LOOP ( 'NONE', ( #1928, #1107, #2183, #52, #587, #948, #982 ) ) ;
#2223 = DIRECTION ( 'NONE',  ( -0.000000000000000000, 0.000000000000000000, 1.000000000000000000 ) ) ;
#2224 = CYLINDRICAL_SURFACE ( 'NONE', #1422, 4.999999999999985789 ) ;
#2225 = CIRCLE ( 'NONE', #1891, 4.999999999999976907 ) ;
#2226 = CIRCLE ( 'NONE', #1217, 4.999999999999997335 ) ;
#2227 = DIRECTION ( 'NONE',  ( -0.000000000000000000, -0.000000000000000000, 1.000000000000000000 ) ) ;
#2228 = CIRCLE ( 'NONE', #1710, 4.999999999999997335 ) ;
#2229 = CIRCLE ( 'NONE', #918, 79.99999999999997158 ) ;
#2230 = DIRECTION ( 'NONE',  ( 1.000000000000000000, 0.000000000000000000, 0.000000000000000000 ) ) ;
#2231 = ORIENTED_EDGE ( 'NONE', *, *, #1074, .F. ) ;
#2232 = PRODUCT_DEFINITION ( 'UNKNOWN', '', #280, #705 ) ;
#2233 = ORIENTED_EDGE ( 'NONE', *, *, #1091, .T. ) ;
#2234 = DIRECTION ( 'NONE',  ( 1.000000000000000000, 0.000000000000000000, 0.000000000000000000 ) ) ;
#2235 = ORIENTED_EDGE ( 'NONE', *, *, #1260, .T. ) ;
#2236 = DIRECTION ( 'NONE',  ( 0.000000000000000000, 0.000000000000000000, 1.000000000000000000 ) ) ;
#2237 = EDGE_LOOP ( 'NONE', ( #1435, #1747, #2170, #2235 ) ) ;
#2238 = DIRECTION ( 'NONE',  ( -0.000000000000000000, -0.000000000000000000, -1.000000000000000000 ) ) ;
#2239 = CYLINDRICAL_SURFACE ( 'NONE', #387, 4.999999999999997335 ) ;
#2240 = DIRECTION ( 'NONE',  ( -0.000000000000000000, -0.000000000000000000, -1.000000000000000000 ) ) ;
#2241 = CARTESIAN_POINT ( 'NONE',  ( -16.44483155977163591, 84.79290445193448988, -2.500000000000000000 ) ) ;
#2242 = ORIENTED_EDGE ( 'NONE', *, *, #26, .T. ) ;
#2243 = ORIENTED_EDGE ( 'NONE', *, *, #26, .F. ) ;
#2244 = ADVANCED_FACE ( 'NONE', ( #1686 ), #975, .F. ) ;
#2245 = DIRECTION ( 'NONE',  ( 0.000000000000000000, 0.000000000000000000, 1.000000000000000000 ) ) ;
#2246 = ORIENTED_EDGE ( 'NONE', *, *, #54, .T. ) ;
#2247 = DIRECTION ( 'NONE',  ( 1.000000000000000000, 0.000000000000000000, 0.000000000000000000 ) ) ;
#2248 = ORIENTED_EDGE ( 'NONE', *, *, #219, .T. ) ;
#2249 = DIRECTION ( 'NONE',  ( -0.000000000000000000, -0.000000000000000000, 1.000000000000000000 ) ) ;
#2250 = DIRECTION ( 'NONE',  ( 1.000000000000000000, 0.000000000000000000, 0.000000000000000000 ) ) ;
#2251 = CARTESIAN_POINT ( 'NONE',  ( 53.24390870680768728, -65.56025918871334568, 2.500000000000000000 ) ) ;
#2252 = DIRECTION ( 'NONE',  ( -0.000000000000000000, 0.000000000000000000, 1.000000000000000000 ) ) ;
#2253 = VERTEX_POINT ( 'NONE', #820 ) ;
#2254 = VERTEX_POINT ( 'NONE', #270 ) ;
#2255 = DIRECTION ( 'NONE',  ( 1.000000000000000000, 0.000000000000000000, 0.000000000000000000 ) ) ;
#2256 = VERTEX_POINT ( 'NONE', #989 ) ;
#2257 = DIRECTION ( 'NONE',  ( -0.000000000000000000, -0.000000000000000000, 1.000000000000000000 ) ) ;
#2258 = FACE_OUTER_BOUND ( 'NONE', #253, .T. ) ;
#2259 = EDGE_CURVE ( 'NONE', #1349, #482, #648, .T. ) ;
#2260 = LINE ( 'NONE', #1374, #313 ) ;
#2261 = DIRECTION ( 'NONE',  ( -0.000000000000000000, -0.000000000000000000, 1.000000000000000000 ) ) ;
#2262 = AXIS2_PLACEMENT_3D ( 'NONE', #2100, #969, #1529 ) ;
#2263 = AXIS2_PLACEMENT_3D ( 'NONE', #1804, #1794, #1086 ) ;
#2264 = DIRECTION ( 'NONE',  ( -1.000000000000000000, 0.000000000000000000, 0.000000000000000000 ) ) ;
#2265 = AXIS2_PLACEMENT_3D ( 'NONE', #2073, #1743, #1162 ) ;
#2266 = ORIENTED_EDGE ( 'NONE', *, *, #1154, .T. ) ;
#2267 = ORIENTED_EDGE ( 'NONE', *, *, #76, .F. ) ;
#2268 = AXIS2_PLACEMENT_3D ( 'NONE', #32, #590, #1460 ) ;
#2269 = AXIS2_PLACEMENT_3D ( 'NONE', #753, #2184, #762 ) ;
#2270 = AXIS2_PLACEMENT_3D ( 'NONE', #2061, #1358, #445 ) ;
#2271 = EDGE_LOOP ( 'NONE', ( #1146, #1793, #1625, #1040 ) ) ;
#2272 = CARTESIAN_POINT ( 'NONE',  ( 30.25842680932960960, 75.70274575270639161, -2.500000000000000000 ) ) ;
#2273 = VERTEX_POINT ( 'NONE', #123 ) ;
#2274 = CARTESIAN_POINT ( 'NONE',  ( 9.751757831308918156, -84.09710207366329371, -2.500000000000000000 ) ) ;
#2275 = ADVANCED_FACE ( 'NONE', ( #1921 ), #627, .F. ) ;
#2276 = CARTESIAN_POINT ( 'NONE',  ( 0.000000000000000000, 0.000000000000000000, -2.500000000000000000 ) ) ;
#2277 = FACE_OUTER_BOUND ( 'NONE', #1864, .T. ) ;
#2278 = ORIENTED_EDGE ( 'NONE', *, *, #844, .T. ) ;
#2279 = AXIS2_PLACEMENT_3D ( 'NONE', #1131, #1848, #2044 ) ;
#2280 = EDGE_CURVE ( 'NONE', #1210, #1349, #55, .T. ) ;
#2281 = DIRECTION ( 'NONE',  ( 0.000000000000000000, 0.000000000000000000, 1.000000000000000000 ) ) ;
#2282 = ORIENTED_EDGE ( 'NONE', *, *, #1898, .F. ) ;
#2283 = APPROVAL_ROLE ( '' ) ;
#2284 = ORIENTED_EDGE ( 'NONE', *, *, #298, .T. ) ;
#2285 = CARTESIAN_POINT ( 'NONE',  ( -40.32096940283197739, 70.85688063900606437, -2.500000000000000000 ) ) ;
#2286 = CARTESIAN_POINT ( 'NONE',  ( 4.999999999999754863, -35.00000000000000711, 2.500000000000000000 ) ) ;
#2287 = DIRECTION ( 'NONE',  ( 1.000000000000000000, 0.000000000000000000, 0.000000000000000000 ) ) ;
#2288 = ORIENTED_EDGE ( 'NONE', *, *, #1924, .F. ) ;
#2289 = APPLICATION_CONTEXT ( 'configuration controlled 3d designs of mechanical parts and assemblies' ) ;
#2290 = ADVANCED_FACE ( 'NONE', ( #111 ), #308, .F. ) ;
#2291 = CARTESIAN_POINT ( 'NONE',  ( -40.27439531000449335, 71.53774169836563601, -2.500000000000000000 ) ) ;
#2292 = VERTEX_POINT ( 'NONE', #796 ) ;
#2293 = CALENDAR_DATE ( 2026, 31, 7 ) ;
#2294 = VERTEX_POINT ( 'NONE', #1912 ) ;
#2295 = DIRECTION ( 'NONE',  ( 1.000000000000000000, 0.000000000000000000, 0.000000000000000000 ) ) ;
#2296 = DIRECTION ( 'NONE',  ( -1.000000000000000000, 0.000000000000000000, 0.000000000000000000 ) ) ;
#2297 = CARTESIAN_POINT ( 'NONE',  ( 64.29131269437159801, 150.5837149194496476, -2.500000000000000000 ) ) ;
#2298 = CIRCLE ( 'NONE', #845, 149.9999999999999716 ) ;
#2299 = FACE_BOUND ( 'NONE', #2222, .T. ) ;
#2300 = ADVANCED_FACE ( 'NONE', ( #1014 ), #1538, .F. ) ;
#2301 = VERTEX_POINT ( 'NONE', #840 ) ;
#2302 = CIRCLE ( 'NONE', #354, 26.00000000000000355 ) ;
#2303 = VECTOR ( 'NONE', #1125, 1000.000000000000000 ) ;
#2304 = PERSON_AND_ORGANIZATION_ROLE ( 'creator' ) ;
#2305 = AXIS2_PLACEMENT_3D ( 'NONE', #718, #1581, #1224 ) ;
#2306 = ORIENTED_EDGE ( 'NONE', *, *, #610, .F. ) ;
#2307 = DIRECTION ( 'NONE',  ( 0.000000000000000000, 0.000000000000000000, 1.000000000000000000 ) ) ;
#2308 = VECTOR ( 'NONE', #1194, 1000.000000000000000 ) ;
#2309 = CARTESIAN_POINT ( 'NONE',  ( 0.000000000000000000, 35.00000000000000711, -2.500000000000000000 ) ) ;
#2310 = ORIENTED_EDGE ( 'NONE', *, *, #1214, .F. ) ;
#2311 = DIRECTION ( 'NONE',  ( -0.000000000000000000, -0.000000000000000000, -1.000000000000000000 ) ) ;
#2312 = FACE_BOUND ( 'NONE', #493, .T. ) ;
#2313 = ORIENTED_EDGE ( 'NONE', *, *, #2040, .T. ) ;
#2314 = APPROVAL_ROLE ( '' ) ;
#2315 = DIRECTION ( 'NONE',  ( 0.000000000000000000, 0.000000000000000000, 1.000000000000000000 ) ) ;
#2316 = EDGE_LOOP ( 'NONE', ( #1602, #666 ) ) ;
#2317 = LINE ( 'NONE', #191, #1444 ) ;
#2318 = EDGE_CURVE ( 'NONE', #108, #299, #2077, .T. ) ;
#2319 = CARTESIAN_POINT ( 'NONE',  ( 48.24390870680770860, -65.56025918871334568, -2.500000000000000000 ) ) ;
#2320 = VERTEX_POINT ( 'NONE', #613 ) ;
#2321 = CARTESIAN_POINT ( 'NONE',  ( -30.00000000000001421, 3.666055405785290907E-13, -2.500000000000000000 ) ) ;
#2322 = EDGE_LOOP ( 'NONE', ( #1944, #1472, #457, #426 ) ) ;
#2323 = LINE ( 'NONE', #385, #278 ) ;
ENDSEC;
END-ISO-10303-21;
